"ChEMBL ID";"Name";"Synonyms";"Type";"Max Phase";"Molecular Weight";"Targets";"Bioactivities";"AlogP";"Polar Surface Area";"HBA";"HBD";"#RO5 Violations";"#Rotatable Bonds";"Passes Ro3";"QED Weighted";"CX Acidic pKa";"CX Basic pKa";"CX LogP";"CX LogD";"Aromatic Rings";"Structure Type";"Inorganic Flag";"Heavy Atoms";"HBA (Lipinski)";"HBD (Lipinski)";"#RO5 Violations (Lipinski)";"Molecular Weight (Monoisotopic)";"Molecular Species";"Molecular Formula";"SMILES";"InChIKey"
"CHEMBL404";"TAZOBACTAM";"CL 298,741|CL-298741|NSC-759887|TAZOBACTAM|Tazobactam|YTR-830H";"Small molecule";"4";"300.30";"164";"880";"-1.52";"122.46";"7";"1";"0";"3";"N";"0.67";"2.86";"0.75";"-1.40";"-4.89";"1";"MOL";"0";"20";"9";"1";"0";"300.0528";"ACID";"C10H12N4O5S";"C[C@]1(Cn2ccnn2)[C@H](C(=O)O)N2C(=O)C[C@H]2S1(=O)=O";"LPQZKKCYTLCDGQ-WEDXCCLWSA-N"
"CHEMBL1359";"ERTAPENEM";"ERTAPENEM|Ertapenem|Invanz";"Small molecule";"4";"475.52";"128";"1751";"0.94";"156.27";"7";"5";"0";"7";"N";"0.36";"3.22";"9.03";"-3.23";"-6.07";"1";"MOL";"0";"33";"10";"5";"0";"475.1413";"ZWITTERION";"C22H25N3O7S";"C[C@@H](O)[C@H]1C(=O)N2C(C(=O)O)=C(S[C@@H]3CN[C@H](C(=O)Nc4cccc(C(=O)O)c4)C3)[C@H](C)[C@H]12";"JUZNIMUFDBIJCM-ANEDZVCMSA-N"
"CHEMBL277100";"TEMAFLOXACIN";"Omniflox|TEMAFLOXACIN";"Small molecule";"4";"417.39";"134";"580";"2.90";"74.57";"5";"2";"0";"3";"N";"0.69";"5.41";"8.76";"1.06";"1.06";"3";"MOL";"0";"30";"6";"2";"0";"417.1300";"ZWITTERION";"C21H18F3N3O3";"CC1CN(c2cc3c(cc2F)c(=O)c(C(=O)O)cn3-c2ccc(F)cc2F)CCN1";"QKDHBVNJCZBTMR-UHFFFAOYSA-N"
"CHEMBL582912";"CEFCAPENE";"CEFCAPENE";"Small molecule";"0";"453.50";"3";"5";"0.35";"177.94";"9";"4";"0";"7";"N";"0.33";"2.94";"4.10";"-1.06";"-3.35";"1";"MOL";"0";"30";"11";"6";"2";"453.0777";"ACID";"C17H19N5O6S2";"CC/C=C(\C(=O)N[C@@H]1C(=O)N2C(C(=O)O)=C(COC(N)=O)CS[C@H]12)c1csc(N)n1";"HJJRIJDTIPFROI-NVKITGPLSA-N"
"CHEMBL1435";"CEFAZOLIN";"CEFAZOLIN|CEPHAZOLIN|Cefazolin|J01DB04|SK&F-41558";"Small molecule";"4";"454.52";"81";"635";"-0.64";"156.09";"12";"2";"1";"7";"N";"0.41";"2.84";"0.26";"-1.52";"-5.01";"2";"MOL";"0";"29";"12";"2";"1";"454.0300";"ACID";"C14H14N8O4S3";"Cc1nnc(SCC2=C(C(=O)O)N3C(=O)[C@@H](NC(=O)Cn4cnnn4)[C@H]3SC2)s1";"MLYYVTUWGNIJIB-BXKDBHETSA-N"
"CHEMBL1200558";"BACITRACIN";"Albac 50|BACI-RX|BACIGUENT|BACIIM|BACILLIQUIN|BACITRACIN|BACITRACIN(NON-INJECTABLE)|BACITRACIN, STERILE|BACITRACINUM|Baciferm 50|E700|FORTRACIN|NSC-755905|PARENTRACIN|PENITRACIN|TOPITRACIN|TROPITRACIN|ZUTRACIN";"Protein";"4";"1422.72";"124";"747";"None";"None";"None";"None";"None";"None";"None";"None";"None";"None";"None";"None";"None";"BOTH";"0";"None";"None";"None";"None";"1421.7489";"None";"C66H103N17O16S";"CC[C@H](C)[C@H](N)C1=N[C@H](C(=O)N[C@@H](CC(C)C)C(=O)N[C@H](CCC(=O)O)C(=O)N[C@H](C(=O)N[C@H]2CCCCNC(=O)[C@H](CC(N)=O)NC(=O)[C@@H](CC(=O)O)NC(=O)[C@H](Cc3cnc[nH]3)NC(=O)[C@@H](Cc3ccccc3)NC(=O)[C@H]([C@@H](C)CC)NC(=O)[C@@H](CCCN)NC2=O)[C@@H](C)CC)CS1";"CLKOFPXJLQSYAH-ABRJDSQDSA-N"
"CHEMBL438";"SULFAMERAZINE";"Mesulfa|Methypyrimal|NSC-27259|SULFAMERAZINE|SULFAMERAZINE (TRISULFAPYRIMIDINES)|SULPHAMERAZINE|Sulfamerazine|Sulfamethyldiazine|Sumedin";"Small molecule";"4";"264.31";"127";"321";"1.17";"97.97";"5";"2";"0";"3";"N";"0.81";"6.99";"2.00";"0.52";"0.08";"2";"MOL";"0";"18";"6";"3";"0";"264.0681";"NEUTRAL";"C11H12N4O2S";"Cc1ccnc(NS(=O)(=O)c2ccc(N)cc2)n1";"QPPBRPIAZZHUNT-UHFFFAOYSA-N"
"CHEMBL1628385";"PROCAINE BENZYLPENICILLIN";"BICILLIN|CILICAINE SYRINGE|DEPOCILLIN|E707|PROCAINE BENZYLPENICILLIN";"Small molecule";"4";"570.71";"";"";"None";"None";"None";"None";"None";"None";"None";"None";"None";"None";"None";"None";"None";"MOL";"0";"None";"None";"None";"None";"570.2512";"None";"C29H38N4O6S";"CC1(C)S[C@@H]2[C@H](NC(=O)Cc3ccccc3)C(=O)N2[C@H]1C(=O)O.CCN(CC)CCOC(=O)c1ccc(N)cc1";"WHRVRSCEWKLAHX-LQDWTQKMSA-N"
"CHEMBL215303";"GARENOXACIN";"GARENOXACIN|T-3811";"Small molecule";"0";"426.42";"87";"334";"4.47";"80.56";"5";"2";"0";"5";"N";"0.63";"5.86";"8.88";"1.59";"1.59";"3";"MOL";"0";"31";"6";"2";"0";"426.1391";"ZWITTERION";"C23H20F2N2O4";"C[C@H]1NCc2cc(-c3ccc4c(=O)c(C(=O)O)cn(C5CC5)c4c3OC(F)F)ccc21";"NJDRXTDGYFKORP-LLVKDONJSA-N"
"CHEMBL3186538";"CEFROXADINE";"CEFROXADINE|CEFTHAN-DS|CGP 9000|CGP-9000|ORASPOR";"Small molecule";"0";"365.41";"2";"19";"-0.07";"121.96";"6";"3";"0";"5";"N";"0.46";"3.08";"7.60";"-3.40";"-3.60";"0";"MOL";"0";"25";"8";"4";"0";"365.1045";"ACID";"C16H19N3O5S";"COC1=C(C(=O)O)N2C(=O)[C@@H](NC(=O)[C@H](N)C3=CCC=CC3)[C@H]2SC1";"RDMOROXKXONCAL-UEKVPHQBSA-N"
"CHEMBL428";"TROVAFLOXACIN";"CP-99219|TROVAFLOXACIN|Trovafloxacin";"Small molecule";"4";"416.36";"144";"629";"1.89";"101.45";"6";"2";"0";"3";"N";"0.68";"5.22";"9.44";"0.14";"0.14";"3";"MOL";"0";"30";"7";"3";"0";"416.1096";"ZWITTERION";"C20H15F3N4O3";"N[C@H]1[C@@H]2CN(c3nc4c(cc3F)c(=O)c(C(=O)O)cn4-c3ccc(F)cc3F)C[C@H]12";"WVPSKSLAZQPAKQ-CDMJZVDBSA-N"
"CHEMBL1541";"CEFIXIME";"ANHYDROUS CEFIXIME|CEFIXIME|CEFIXIME ANHYDROUS|CEFIXIME HYDRATE|CEFIXIME TRIHYDRATE|CEPHORAL|CITROPEN|CL 284,635|CL-284635|Cefspan|FK 027|FK-027|FR 17027|FR-17027|Oroken|Suprax";"Small molecule";"4";"453.46";"75";"459";"-0.54";"184.51";"10";"4";"0";"8";"N";"0.23";"2.62";"3.95";"-1.28";"-7.13";"1";"MOL";"0";"30";"12";"5";"1";"453.0413";"ACID";"C16H15N5O7S2";"C=CC1=C(C(=O)O)N2C(=O)[C@@H](NC(=O)/C(=N\OCC(=O)O)c3csc(N)n3)[C@H]2SC1";"OKBVVJOGVLARMR-QSWIMTSFSA-N"
"CHEMBL453514";"SPIRAMYCIN";"ACETYLSPIRAMYCIN|IL 5902|IL-5902|NSC-55926|NSC-64393|NSC-758472|ROVAMICINA|ROVAMYCINE|ROVAMYCINE 250|RP 5337|RP-5337|Rovamycin|SELECTOMYCIN|SPIRAMYCIN|Spiramycin I";"Small molecule";"4";"843.06";"37";"136";"2.33";"195.38";"16";"4";"2";"11";"N";"0.17";"12.53";"9.26";"2.50";"0.02";"0";"MOL";"0";"59";"16";"4";"2";"842.5140";"BASE";"C43H74N2O14";"CO[C@@H]1[C@@H](O[C@@H]2O[C@H](C)[C@@H](O[C@H]3C[C@@](C)(O)[C@@H](O)[C@H](C)O3)[C@H](N(C)C)[C@H]2O)[C@@H](CC=O)C[C@@H](C)[C@@H](O[C@H]2CC[C@H](N(C)C)[C@@H](C)O2)/C=C/C=C/C[C@@H](C)OC(=O)C[C@H]1O";"ACTOXUHEUCPTEW-CEUOBAOPSA-N"
"CHEMBL174";"AMPICILLIN";"AMFIPEN|AMINOBENZYLPENICILLIN|AMINOBENZYLPENICILLIN TRIHYDRATE|AMPICILLIN|AMPICILLIN (ANHYDROUS)|AMPICILLIN ANHYDROUS|AMPICILLIN HYDRATE|AMPICILLIN TRIHYDRATE|AMPICILLIN, ANHYDROUS|AMPICILLIN/AMPICILLIN TRIHYDRATE|AMPICILLINUM|AMPILAR|ANHYDROUS AMPICILLIN|AY-6108|Alpha-Aminobenzylpenicillin|Amcill|Ampicillin|BRITCIN|BRL-1341|NSC-528986|OMNIPEN (AMPICILLIN)|Omnipen|Omnipen-N|P-50|PENBRITIN|PFIZERPEN-A|POLY-CILLIN|PRINCIPEN '125'|PRINCIPEN '250'|PRINCIPEN '500'|Penbritin|Penbritin-S|Pfizerpen-A|Polycillin|Polycillin-N|Polycillin-Prb|Principen|Probampacin|REDICILIN|SEMICILLIN|TOKIOCILLIN|TOTACILLIN|Totacillin|Totacillin-N|ULTRABION|VIDOPEN|WY 5103";"Small molecule";"4";"349.41";"508";"7193";"0.32";"112.73";"5";"3";"0";"4";"N";"0.67";"3.24";"7.23";"-2.00";"-2.36";"1";"MOL";"0";"24";"7";"4";"0";"349.1096";"ACID";"C16H19N3O4S";"CC1(C)S[C@@H]2[C@H](NC(=O)[C@H](N)c3ccccc3)C(=O)N2[C@H]1C(=O)O";"AVKUERGKIZMTKX-NJBDSQKTSA-N"
"CHEMBL1318150";"ASPOXICILLIN";"ASPOXICILLIN|DOYLE";"Small molecule";"0";"493.54";"5";"22";"-1.36";"191.16";"8";"6";"1";"8";"N";"0.24";"3.48";"7.04";"-4.07";"-4.53";"1";"MOL";"0";"34";"12";"7";"2";"493.1631";"ACID";"C21H27N5O7S";"CNC(=O)C[C@@H](N)C(=O)N[C@@H](C(=O)N[C@@H]1C(=O)N2[C@@H](C(=O)O)C(C)(C)S[C@H]12)c1ccc(O)cc1";"BHELIUBJHYAEDK-OAIUPTLZSA-N"
"CHEMBL1614637";"PHENETHICILLIN";".ALPHA.-PHENOXYETHYLPENICILLIN|ALFACILIN|FENETICILLIN|NSC-117548|PHENETICILLIN|SYNTHEPEN";"Small molecule";"4";"364.42";"8";"12";"1.09";"95.94";"5";"2";"0";"5";"N";"0.76";"3.47";"None";"1.33";"-2.05";"1";"MOL";"0";"25";"7";"2";"0";"364.1093";"ACID";"C17H20N2O5S";"CC(Oc1ccccc1)C(=O)N[C@@H]1C(=O)N2[C@@H](C(=O)O)C(C)(C)S[C@H]12";"NONJJLVGHLVQQM-JHXYUMNGSA-N"
"CHEMBL1201270";"METHENAMINE";"AMINOFORM|E-239|E239|HEXAMETHYLENAMINE|HEXAMETHYLENE TETRAMINE|HEXAMETHYLENETETRAMINE|HEXAMINE|INS NO.239|INS-239|METHENAMINE|NSC-26346|NSC-403347|Uritone|Urotropin";"Small molecule";"4";"140.19";"9";"36";"-1.02";"12.96";"4";"0";"0";"0";"N";"0.43";"None";"5.88";"0.39";"0.38";"0";"MOL";"0";"10";"4";"0";"0";"140.1062";"NEUTRAL";"C6H12N4";"C1N2CN3CN1CN(C2)C3";"VKYKSIONXSXAKP-UHFFFAOYSA-N"
"CHEMBL1599";"CEPHAPIRIN";"CEFAPIRIN|Cephapirin";"Small molecule";"4";"423.47";"8";"50";"0.48";"125.90";"8";"2";"0";"7";"N";"0.37";"3.35";"4.99";"-2.05";"-4.17";"1";"MOL";"0";"28";"9";"2";"0";"423.0559";"ACID";"C17H17N3O6S2";"CC(=O)OCC1=C(C(=O)O)N2C(=O)[C@@H](NC(=O)CSc3ccncc3)[C@H]2SC1";"UQLLWWBDSUHNEB-CZUORRHYSA-N"
"CHEMBL273348";"TOSUFLOXACIN";"A 61827|A 67107|A-61827|A-67107|ABBOTT 61827|ABBOTT-61827|Ozex|TOSUFLOXACIN|TOSUFLOXACIN TOSILATE";"Small molecule";"0";"404.35";"154";"740";"2.04";"101.45";"6";"2";"0";"3";"N";"0.69";"5.22";"9.63";"0.47";"0.47";"3";"MOL";"0";"29";"7";"3";"0";"404.1096";"ZWITTERION";"C19H15F3N4O3";"NC1CCN(c2nc3c(cc2F)c(=O)c(C(=O)O)cn3-c2ccc(F)cc2F)C1";"WUWFMDMBOJLQIV-UHFFFAOYSA-N"
"CHEMBL1443";"NAFCILLIN";"NAFCILLIN|Nafcillin|Nallpen|Unipen";"Small molecule";"4";"414.48";"19";"190";"2.48";"95.94";"5";"2";"0";"5";"N";"0.73";"3.31";"None";"2.29";"-1.13";"2";"MOL";"0";"29";"7";"2";"0";"414.1249";"ACID";"C21H22N2O5S";"CCOc1ccc2ccccc2c1C(=O)N[C@@H]1C(=O)N2[C@@H](C(=O)O)C(C)(C)S[C@H]12";"GPXLMGHLHQJAGZ-JTDSTZFVSA-N"
"CHEMBL372795";"STREPTOMYCIN";"Chemform|Gerox|NSC-14083|STREPTOMYCIN|Strepcen";"Small molecule";"4";"581.58";"270";"2964";"-8.16";"336.43";"15";"12";"3";"9";"N";"0.07";"11.23";"10.07";"-7.06";"-11.79";"0";"MOL";"0";"40";"19";"16";"3";"581.2657";"BASE";"C21H39N7O12";"CN[C@@H]1[C@H](O[C@H]2[C@H](O[C@@H]3[C@@H](N=C(N)N)[C@H](O)[C@@H](N=C(N)N)[C@H](O)[C@H]3O)O[C@@H](C)[C@]2(O)C=O)O[C@@H](CO)[C@H](O)[C@H]1O";"UCSJYZPVAKXKNQ-HZYVHMACSA-N"
"CHEMBL1440";"TETRACYCLINE";"ACHROMYCIN V|Achromycin|Cyclopar|E701|ECONOMYCIN|Liquamycin|NSC-108579|PANMYCIN|SUPRAMYCIN|SUSTAMYCIN|TETRABID ORGANON|TETRACYCLINE|Tetracycline|Tetracyn|Vetquamycin";"Small molecule";"4";"444.44";"338";"5129";"-0.21";"181.62";"9";"6";"1";"2";"N";"0.34";"2.91";"8.81";"-3.47";"-3.70";"1";"MOL";"0";"32";"10";"7";"1";"444.1533";"ZWITTERION";"C22H24N2O8";"CN(C)[C@@H]1C(O)=C(C(N)=O)C(=O)[C@@]2(O)C(O)=C3C(=O)c4c(O)cccc4[C@@](C)(O)[C@H]3C[C@@H]12";"OFVLGDICTFRJMM-WESIUVDSSA-N"
"CHEMBL240163";"PAZUFLOXACIN";"PAZUFLOXACIN|T-3761";"Small molecule";"3";"318.30";"31";"75";"1.74";"94.55";"5";"2";"0";"2";"N";"0.88";"5.39";"8.16";"-1.06";"-1.09";"2";"MOL";"0";"23";"6";"3";"0";"318.1016";"ACID";"C16H15FN2O4";"C[C@H]1COc2c(C3(N)CC3)c(F)cc3c(=O)c(C(=O)O)cn1c23";"XAGMUUZPGZWTRP-ZETCQYMHSA-N"
"CHEMBL1650818";"AMDINOCILLIN PIVOXIL";"AMDINOCILLIN PIVOXIL|Coactabs|PIVMECILLINAM|PIVMECILLINAM HYDROCHLORIDE|RO 10-9071|RO-10-9071|SELEXID";"Small molecule";"4";"439.58";"5";"28";"2.41";"88.51";"7";"0";"0";"5";"N";"0.21";"13.66";"7.91";"2.91";"2.28";"0";"MOL";"0";"30";"8";"0";"0";"439.2141";"NEUTRAL";"C21H33N3O5S";"CC(C)(C)C(=O)OCOC(=O)[C@@H]1N2C(=O)[C@@H](/N=C/N3CCCCCC3)[C@H]2SC1(C)C";"NPGNOVNWUSPMDP-UTEPHESZSA-N"
"CHEMBL130";"CHLORAMPHENICOL";"9-HYDROXY-9-PHENYLXANTHENE|9-PHENYL-9H-XANTHEN-9-OL|AMPHICOL|BROCHLOR|BROLENE ANTIBIOTIC|CHLORAMPHENICOL|CHLOROFAIR|CHLOROPTIC|CHLOROPTIC S.O.P.|Chloramex|Chloramphenicol|Chlorbiotic|Chloromycetin|ECONOCHLOR|GOLDEN EYE ANTIBIOTIC|KEMICETINE|KLORAFECT|Kernispray|MYCHEL|Mychel-S|NSC-16331|NSC-3069|OPHTHOCHLOR|OPTOMYCIN|SNO PHENICOL|TUBILUX INFECTED EYES|Tevcocin|XANTHEN-9-OL, 9-PHENYL-";"Small molecule";"4";"323.13";"428";"5969";"0.91";"112.70";"5";"3";"0";"6";"N";"0.41";"8.69";"None";"0.88";"0.86";"1";"MOL";"0";"20";"7";"3";"0";"322.0123";"NEUTRAL";"C11H12Cl2N2O5";"O=C(N[C@H](CO)[C@H](O)c1ccc([N+](=O)[O-])cc1)C(Cl)Cl";"WIIZWVCIJKGZOK-RKDXNWHRSA-N"
"CHEMBL5";"NALIDIXIC ACID";"MICTRAL|NALIDIXANE|NALIDIXATE|NALIDIXIC ACID|NALIX|NEGRAM|NSC-82174|Neg Gram|Neggram|URIBEN|Uroneg|WIN 18,320|WIN-18320|Wintomylon";"Small molecule";"4";"232.24";"181";"1452";"1.42";"72.19";"4";"1";"0";"2";"N";"0.85";"4.37";"6.06";"0.79";"-0.45";"2";"MOL";"0";"17";"5";"1";"0";"232.0848";"ACID";"C12H12N2O3";"CCn1cc(C(=O)O)c(=O)c2ccc(C)nc21";"MHWLWQUZZRMNGJ-UHFFFAOYSA-N"
"CHEMBL2364632";"SARECYCLINE";"P-005672|P005672|SARECYCLINE";"Small molecule";"4";"487.51";"1";"2";"0.11";"173.86";"10";"5";"0";"5";"N";"0.28";"2.94";"8.25";"-3.04";"-3.22";"1";"MOL";"0";"35";"11";"6";"2";"487.1955";"ACID";"C24H29N3O8";"CON(C)Cc1ccc(O)c2c1C[C@H]1C[C@H]3[C@H](N(C)C)C(O)=C(C(N)=O)C(=O)[C@@]3(O)C(O)=C1C2=O";"PQJQFLNBMSCUSH-SBAJWEJLSA-N"
"CHEMBL1747";"TOBRAMYCIN";"47663|Aktob|BETHKIS|BRAMITOB|KITABIS PAK|NEBCIN|NEBRAMYCIN FACTOR 6|NEBRAMYCIN VI|NEBRIS|NSC-180514|Nebcin|Nebicin|Nebramycin|Obramycin|TOBI PODHALER|TOBRALEX|TOBRAMYCIN|TOBRAVISC|TYMBRINEB|Tobi|Tobradex|Tobradex ST|Tobrex|VANTOBRA";"Small molecule";"4";"467.52";"211";"2434";"-6.30";"268.17";"14";"10";"2";"6";"N";"0.17";"12.53";"9.54";"-6.48";"-13.16";"0";"MOL";"0";"32";"14";"15";"2";"467.2591";"BASE";"C18H37N5O9";"NC[C@H]1O[C@H](O[C@@H]2[C@@H](N)C[C@@H](N)[C@H](O[C@H]3O[C@H](CO)[C@@H](O)[C@H](N)[C@H]3O)[C@H]2O)[C@H](N)C[C@@H]1O";"NLVFBUXFDBBNBW-PBSUHMDJSA-N"
"CHEMBL2146161";"MIKAMYCIN";"MIKAMYCIN|PRISTINAMYCIN|PYOSTACINE|PYOSTACINE 500|RP 7293|RP-7293|SKF-7988";"Small molecule";"4";"1392.57";"";"";"None";"None";"None";"None";"None";"None";"None";"None";"None";"None";"None";"None";"None";"MOL";"0";"None";"None";"None";"None";"1391.6438";"None";"C73H89N11O17";"CC1=C\[C@@H](O)CC(=O)Cc2nc(co2)C(=O)N2CCC=C2C(=O)O[C@H](C(C)C)[C@H](C)/C=C/C(=O)NC\C=C\1.CC[C@H]1NC(=O)[C@@H](NC(=O)c2ncccc2O)[C@@H](C)OC(=O)[C@H](c2ccccc2)NC(=O)[C@@H]2CC(=O)CCN2C(=O)[C@H](Cc2ccc(N(C)C)cc2)N(C)C(=O)[C@@H]2CCCN2C1=O";"YVMBAUWDIGJRNY-BESUKNQGSA-N"
"CHEMBL65794";"CEFPIROME";"CEFIR|CEFPIROME|HR-810 FREE BASE";"Small molecule";"4";"514.59";"42";"280";"-1.04";"153.92";"10";"2";"1";"7";"N";"0.21";"2.67";"3.54";"-4.02";"-3.65";"2";"MOL";"0";"35";"11";"3";"2";"514.1093";"ACID";"C22H22N6O5S2";"CO/N=C(\C(=O)N[C@@H]1C(=O)N2C(C(=O)[O-])=C(C[n+]3cccc4c3CCC4)CS[C@H]12)c1csc(N)n1";"DKOQGJHPHLTOJR-WHRDSVKCSA-N"
"CHEMBL1605";"CEFTIBUTEN";"7432-S|ACHN-383|ACHN383|CEFTIBUTEN|CEFTIBUTEN DIHYDRATE|CEFTIBUTEN HYDRATE|CEFTIBUTIN|Cedax|Ceftibuten|Ceftibuten dihydrate|NSC-758925|SCH 39720|SCH-39720|Seftem";"Small molecule";"4";"410.43";"17";"110";"-0.05";"162.92";"8";"4";"0";"6";"N";"0.37";"2.85";"4.68";"-1.48";"-6.83";"1";"MOL";"0";"27";"10";"5";"0";"410.0355";"ACID";"C15H14N4O6S2";"Nc1nc(/C(=C/CC(=O)O)C(=O)N[C@@H]2C(=O)N3C(C(=O)O)=CCS[C@H]23)cs1";"UNJFKXSSGBWRBZ-BJCIPQKHSA-N"
"CHEMBL485940";"SULFAMETOMIDINE";"SULFAMETHOMIDINE|SULFAMETOMIDINE";"Small molecule";"0";"294.34";"3";"8";"1.18";"107.20";"6";"2";"0";"4";"N";"0.82";"7.19";"4.64";"1.39";"1.02";"2";"MOL";"0";"20";"7";"3";"0";"294.0787";"NEUTRAL";"C12H14N4O3S";"COc1cc(NS(=O)(=O)c2ccc(N)cc2)nc(C)n1";"QKLSCPPJEVXONT-UHFFFAOYSA-N"
"CHEMBL1506";"CHLORAMPHENICOL PALMITATE";"CHLORAMBON|CHLORAMPHENICOL PALMITATE|CHLORAMPHENICOLI PALMITAS|CLOROLIFARINA|Chloramphenicol Palmitate|Chlorolifarina|Chloromycetin Palmitate|Chloropal|DETREOPAL|NSC-756675";"Small molecule";"4";"561.55";"4";"8";"6.94";"118.77";"6";"2";"2";"21";"N";"0.06";"9.07";"None";"7.80";"7.79";"1";"MOL";"0";"37";"8";"2";"2";"560.2420";"NEUTRAL";"C27H42Cl2N2O6";"CCCCCCCCCCCCCCCC(=O)OC[C@@H](NC(=O)C(Cl)Cl)[C@H](O)c1ccc([N+](=O)[O-])cc1";"PXKHGMGELZGJQE-ILBGXUMGSA-N"
"CHEMBL446";"SULFAMETHAZINE";"BN-2409|NSC-67457|NSC-683529|SMZ-MED 454|SULFADIMERAZINE|SULFADIMETHYLPYRIMIDINE|SULFADIMIDINE|SULFADIMIDINUM|SULFAMETHAZINE|SULFAMETHAZINE (TRISULFAPYRIMIDINES)|SULFAMEZATHINE|SULFAMEZATHINE ('S-MEZ')|SULFAMIDINE|Sulfamethazine";"Small molecule";"4";"278.34";"137";"353";"1.48";"97.97";"5";"2";"0";"3";"N";"0.83";"6.99";"2.00";"0.65";"0.21";"2";"MOL";"0";"19";"6";"3";"0";"278.0837";"NEUTRAL";"C12H14N4O2S";"Cc1cc(C)nc(NS(=O)(=O)c2ccc(N)cc2)n1";"ASWVTGNCAZCNNR-UHFFFAOYSA-N"
"CHEMBL1220";"TINIDAZOLE";"CP-12,574|CP-12574|FASIGIN|FASIGYN|HAISIGYN|NSC-758189|Symplotan|TINIDAZOLE|TRICOLAM|TRIMONASE|Tindamax|Trimonase";"Small molecule";"4";"247.28";"148";"697";"0.53";"95.10";"6";"0";"0";"5";"N";"0.56";"None";"3.28";"-0.58";"-0.58";"1";"MOL";"0";"16";"7";"0";"0";"247.0627";"NEUTRAL";"C8H13N3O4S";"CCS(=O)(=O)CCn1c([N+](=O)[O-])cnc1C";"HJLSLZFTEKNLFI-UHFFFAOYSA-N"
"CHEMBL2107486";"TEBIPENEM PIVOXIL";"L-084|LJC 11,084|LJC 11084|LJC-11084|ME-1211|ME1211|Orapenem|TBPM-PI|TEBIPENEM PIVOXIL";"Small molecule";"3";"497.64";"17";"29";"1.67";"108.74";"10";"1";"0";"6";"N";"0.33";"None";"6.27";"1.59";"1.56";"0";"MOL";"0";"33";"9";"1";"0";"497.1654";"NEUTRAL";"C22H31N3O6S2";"C[C@@H](O)[C@H]1C(=O)N2C(C(=O)OCOC(=O)C(C)(C)C)=C(SC3CN(C4=NCCS4)C3)[C@H](C)[C@H]12";"SNUDIPVBUUXCDG-QHSBEEBCSA-N"
"CHEMBL1201195";"CEFMETAZOLE";"CEFMETAZOLE|U-72791";"Small molecule";"4";"471.55";"159";"488";"-0.73";"163.33";"12";"2";"1";"9";"N";"0.20";"3.18";"None";"-0.65";"-4.10";"1";"MOL";"0";"30";"12";"2";"1";"471.0453";"ACID";"C15H17N7O5S3";"CO[C@@]1(NC(=O)CSCC#N)C(=O)N2C(C(=O)O)=C(CSc3nnnn3C)CS[C@@H]21";"SNBUBQHDYVFSQF-HIFRSBDPSA-N"
"CHEMBL285347";"BIAPENEM";"BIAPENEM|CL 186,815|CL-186815|L-627|LJ C10,627|LJ-C10627|LJC-10627|OMEGACIN";"Small molecule";"1";"350.40";"23";"118";"-1.89";"102.37";"7";"1";"0";"4";"N";"0.50";"3.31";"None";"-6.06";"-5.44";"1";"MOL";"0";"24";"8";"1";"0";"350.1049";"ACID";"C15H18N4O4S";"C[C@@H](O)[C@H]1C(=O)N2C(C(=O)[O-])=C(SC3Cn4cnc[n+]4C3)[C@H](C)[C@H]12";"MRMBZHPJVKCOMA-YJFSRANCSA-N"
"CHEMBL1697763";"NIFURTOINOL";"NIFURTOINOL|URFADYN";"Small molecule";"0";"268.19";"3";"22";"-0.26";"129.49";"7";"1";"0";"4";"N";"0.35";"11.84";"None";"-0.58";"-0.58";"1";"MOL";"0";"19";"10";"1";"0";"268.0444";"NEUTRAL";"C9H8N4O6";"O=C1CN(/N=C/c2ccc([N+](=O)[O-])o2)C(=O)N1CO";"UIDWQGRXEVDFCA-XCVCLJGOSA-N"
"CHEMBL224436";"JOSAMYCIN";"EN-141|IOSALIDE|JOMYBEL|JOSAMINA|JOSAMYCIN|JOSAMYCIN PROPIONATE|KITASAMYCIN A3|LEUCOMYCIN A3|TURIMYCIN A5";"Small molecule";"3";"828.01";"24";"115";"3.01";"206.05";"16";"3";"2";"12";"N";"0.15";"12.71";"7.90";"3.22";"2.60";"0";"MOL";"0";"58";"16";"3";"2";"827.4667";"NEUTRAL";"C42H69NO15";"CO[C@@H]1[C@@H](O[C@@H]2O[C@H](C)[C@@H](O[C@H]3C[C@@](C)(O)[C@@H](OC(=O)CC(C)C)[C@H](C)O3)[C@H](N(C)C)[C@H]2O)[C@@H](CC=O)C[C@@H](C)[C@@H](O)/C=C/C=C/C[C@@H](C)OC(=O)C[C@H]1OC(C)=O";"XJSFLOJWULLJQS-NGVXBBESSA-N"
"CHEMBL1434";"MINOCYCLINE";"MINOCYCLINE|Minocycline";"Small molecule";"4";"457.48";"105";"943";"0.19";"164.63";"9";"5";"0";"3";"N";"0.40";"2.90";"7.90";"-2.54";"-2.61";"1";"MOL";"0";"33";"10";"6";"1";"457.1849";"ACID";"C23H27N3O7";"CN(C)c1ccc(O)c2c1C[C@H]1C[C@H]3[C@H](N(C)C)C(O)=C(C(N)=O)C(=O)[C@@]3(O)C(O)=C1C2=O";"DYKFCLLONBREIL-KVUCHLLUSA-N"
"CHEMBL3989504";"SITAFLOXACIN";"DU-6859A|SITAFLOXACIN|SITAFLOXACIN HYDRATE|SITAFLOXACIN SESQUIHYDRATE";"Small molecule";"2";"427.84";"";"";"2.70";"88.56";"5";"2";"0";"3";"N";"0.81";"5.51";"9.37";"-0.17";"-0.16";"2";"MOL";"0";"28";"6";"3";"0";"409.1005";"ZWITTERION";"C19H20ClF2N3O4";"N[C@@H]1CN(c2c(F)cc3c(=O)c(C(=O)O)cn([C@@H]4C[C@@H]4F)c3c2Cl)CC12CC2.O";"ANCJYRJLOUSQBW-JJZGMWGRSA-N"
"CHEMBL3301669";"DALBAVANCIN";"A-A-1|BI-397|BI397|DALBAVANCIN|MDL 64,397|MDL-64397|VER-001|VER001|VERO001|ZEVEN";"Unknown";"4";"1816.72";"21";"373";"None";"None";"None";"None";"None";"None";"None";"None";"None";"None";"None";"None";"None";"MOL";"0";"None";"None";"None";"None";"1814.6086";"None";"C88H100Cl2N10O28";"CN[C@H]1C(=O)N[C@@H]2Cc3ccc(cc3)Oc3cc4cc(c3O[C@@H]3O[C@H](C(=O)O)[C@@H](O)[C@H](O)[C@H]3NC(=O)CCCCCCCCC(C)C)Oc3ccc(cc3Cl)[C@@H](O)[C@@H]3NC(=O)[C@H](NC(=O)[C@@H]4NC(=O)[C@@H](NC2=O)c2cc(cc(O)c2Cl)Oc2cc1ccc2O)c1ccc(O)c(c1)-c1c(O[C@H]2O[C@H](CO)[C@@H](O)[C@H](O)[C@@H]2O)cc(O)cc1[C@@H](C(=O)NCCCN(C)C)NC3=O";"KGPGQDLTDHGEGT-SZUNQUCBSA-N"
"CHEMBL1201224";"CEFMENOXIME";"CEFMENOXIME|Cefmenoxime|SCE-1365";"Small molecule";"4";"511.57";"3";"20";"-0.87";"190.81";"14";"3";"2";"8";"N";"0.17";"2.73";"3.42";"-0.93";"-3.58";"2";"MOL";"0";"33";"14";"4";"2";"511.0515";"ACID";"C16H17N9O5S3";"CO/N=C(\C(=O)N[C@@H]1C(=O)N2C(C(=O)O)=C(CSc3nnnn3C)CS[C@H]12)c1csc(N)n1";"HJJDBAOLQAWBMH-YCRCPZNHSA-N"
"CHEMBL1201046";"CEFORANIDE";"BL-S786|CEFORANIDE|NSC-760049|Precef";"Small molecule";"4";"519.57";"6";"35";"-0.71";"193.63";"11";"4";"2";"10";"N";"0.23";"2.75";"8.93";"-3.18";"-6.38";"2";"MOL";"0";"35";"13";"5";"2";"519.0995";"ZWITTERION";"C20H21N7O6S2";"NCc1ccccc1CC(=O)N[C@@H]1C(=O)N2C(C(=O)O)=C(CSc3nnnn3CC(=O)O)CS[C@H]12";"SLAYUXIURFNXPG-CRAIPNDOSA-N"
"CHEMBL819";"OXACILLIN";"OXACILLIN|OXAZOCILLINE|Oxacillin|Prostaphlin";"Small molecule";"4";"401.44";"87";"1786";"1.90";"112.74";"6";"2";"0";"4";"N";"0.75";"3.75";"None";"1.70";"-1.59";"2";"MOL";"0";"28";"8";"2";"0";"401.1045";"ACID";"C19H19N3O5S";"Cc1onc(-c2ccccc2)c1C(=O)N[C@@H]1C(=O)N2[C@@H](C(=O)O)C(C)(C)S[C@H]12";"UWYHMGVUTGAWSP-JKIFEVAISA-N"
"CHEMBL1951095";"ERAVACYCLINE";"ERAVACYCLINE|TP-434";"Small molecule";"4";"558.56";"15";"58";"0.29";"193.73";"10";"6";"2";"5";"N";"0.22";"2.62";"8.53";"-3.27";"-3.51";"1";"MOL";"0";"40";"12";"7";"3";"558.2126";"ZWITTERION";"C27H31FN4O8";"CN(C)[C@@H]1C(O)=C(C(N)=O)C(=O)[C@@]2(O)C(O)=C3C(=O)c4c(O)c(NC(=O)CN5CCCC5)cc(F)c4C[C@H]3C[C@@H]12";"HLFSMUUOKPBTSM-ISIOAQNYSA-N"
"CHEMBL1650559";"PLAZOMICIN";"ACHN-490|PLAZOMICIN";"Small molecule";"4";"592.69";"26";"300";"-5.36";"269.29";"15";"11";"3";"13";"N";"0.09";"12.39";"9.76";"-6.10";"-14.22";"0";"MOL";"0";"41";"16";"14";"3";"592.3432";"BASE";"C25H48N6O10";"CN[C@@H]1[C@@H](O)[C@@H](O[C@@H]2[C@@H](O)[C@H](O[C@H]3OC(CNCCO)=CC[C@H]3N)[C@@H](N)C[C@H]2NC(=O)[C@@H](O)CCN)OC[C@]1(C)O";"IYDYFVUFSPQPPV-PEXOCOHZSA-N"
"CHEMBL272080";"ISEPAMICIN";"HAPA-B|ISEPAMICIN|ISEPAMICIN SULFATE|SCH 21420|SCH-21420";"Small molecule";"0";"569.61";"20";"100";"-7.52";"297.72";"16";"12";"3";"9";"N";"0.12";"11.95";"13.97";"-7.30";"-13.18";"0";"MOL";"0";"39";"17";"15";"3";"569.2908";"BASE";"C22H43N5O12";"CN[C@@H]1[C@@H](O)[C@@H](O[C@@H]2[C@@H](O)[C@H](O[C@H]3O[C@H](CN)[C@@H](O)[C@H](O)[C@H]3O)[C@@H](N)C[C@H]2NC(=O)[C@@H](O)CN)OC[C@]1(C)O";"UDIIBEDMEYAVNG-ZKFPOVNWSA-N"
"CHEMBL439";"SULFADIAZINE";"Adiazine|Coco-diazine|Diazyl|NSC-35600|SSD|SULFACOMBIN|SULFADIAZINE|SULFADIAZINE (TRISULFAPYRIMIDINES)|SULPHADIAZINE|Sildaflo|Silvadene|Sulfadiazine|Sulfapyrimidine|Sulfolex|Sulphadiazine|Thermazene";"Small molecule";"4";"250.28";"167";"841";"0.86";"97.97";"5";"2";"0";"3";"N";"0.79";"6.99";"2.01";"0.39";"-0.05";"2";"MOL";"0";"17";"6";"3";"0";"250.0524";"NEUTRAL";"C10H10N4O2S";"Nc1ccc(S(=O)(=O)Nc2ncccn2)cc1";"SEEPANYCNGTZFQ-UHFFFAOYSA-N"
"CHEMBL3137691";"QUINUPRISTIN/DALFOPRISTIN";"QUINUPRISTIN/DALFOPRISTIN|Quinupristin/Dalfopristin|SYNERCID|Synercid";"Unknown";"4";"1713.10";"7";"38";"None";"None";"None";"None";"None";"None";"None";"None";"None";"None";"None";"None";"None";"MOL";"0";"None";"None";"None";"None";"1711.8030";"None";"C87H117N13O19S2";"CCN(CC)CCS(=O)(=O)[C@@H]1CCN2C(=O)c3coc(n3)CC(=O)C[C@H](O)/C=C(C)/C=C/CNC(=O)/C=C/[C@@H](C)[C@@H](C(C)C)OC(=O)[C@@H]12.CC[C@H]1NC(=O)[C@@H](NC(=O)c2ncccc2O)[C@@H](C)OC(=O)[C@H](c2ccccc2)NC(=O)[C@@H]2CC(=O)[C@H](CS[C@@H]3CN4CCC3CC4)CN2C(=O)[C@H](Cc2ccc(N(C)C)cc2)N(C)C(=O)[C@@H]2CCCN2C1=O";"PPKJUHVNTMYXOD-PZGPJMECSA-N"
"CHEMBL3707254";"FURAZIDIN";"AKRITOIN|FURAGIN|FURAGINUM|FURAZIDIN|FURAZIDINE";"Small molecule";"0";"264.20";"1";"1";"0.74";"118.05";"6";"1";"0";"4";"N";"0.37";"8.23";"0.48";"0.07";"0.01";"1";"MOL";"0";"19";"9";"1";"0";"264.0495";"NEUTRAL";"C10H8N4O5";"O=C1CN(/N=C/C=C/c2ccc([N+](=O)[O-])o2)C(=O)N1";"DECBQELQORZLLP-UAIOPKHMSA-N"
"CHEMBL262777";"VANCOMYCIN";"VANCOMYCIN|Vancoled|Vancomycin|Vancor";"Small molecule";"4";"1449.27";"371";"10595";"None";"None";"None";"None";"None";"None";"None";"None";"None";"None";"None";"None";"None";"MOL";"0";"None";"None";"None";"None";"1447.4302";"None";"C66H75Cl2N9O24";"CN[C@H](CC(C)C)C(=O)N[C@H]1C(=O)N[C@@H](CC(N)=O)C(=O)N[C@H]2C(=O)N[C@H]3C(=O)N[C@H](C(=O)N[C@H](C(=O)O)c4cc(O)cc(O)c4-c4cc3ccc4O)[C@H](O)c3ccc(c(Cl)c3)Oc3cc2cc(c3O[C@@H]2O[C@H](CO)[C@@H](O)[C@H](O)[C@H]2O[C@H]2C[C@](C)(N)[C@H](O)[C@H](C)O2)Oc2ccc(cc2Cl)[C@H]1O";"MYPYJXKWCTUITO-LYRMYLQWSA-N"
"CHEMBL221572";"RIBOSTAMYCIN";"NSC-138925|RIBOSTAMYCIN|RIBOSTAMYCIN SULFATE";"Small molecule";"0";"454.48";"15";"71";"-6.65";"262.38";"14";"10";"2";"6";"N";"0.18";"12.17";"9.59";"-6.43";"-11.28";"0";"MOL";"0";"31";"14";"14";"2";"454.2275";"BASE";"C17H34N4O10";"NC[C@H]1O[C@H](O[C@@H]2[C@@H](N)C[C@@H](N)[C@H](O)[C@H]2O[C@@H]2O[C@H](CO)[C@@H](O)[C@H]2O)[C@H](N)[C@@H](O)[C@@H]1O";"NSKGQURZWSPSBC-VVPCINPTSA-N"
"CHEMBL1537";"AZLOCILLIN";"AZLOCILLIN|Azlin|Azlocillin|J01CA09|NSC-758227";"Small molecule";"4";"461.50";"126";"805";"0.09";"148.15";"6";"4";"0";"5";"N";"0.45";"3.49";"None";"-0.33";"-3.70";"1";"MOL";"0";"32";"11";"4";"1";"461.1369";"ACID";"C20H23N5O6S";"CC1(C)S[C@@H]2[C@H](NC(=O)[C@H](NC(=O)N3CCNC3=O)c3ccccc3)C(=O)N2[C@H]1C(=O)O";"JTWOMNBEOCYFNV-NFFDBFGFSA-N"
"CHEMBL1136";"TELITHROMYCIN";"HMR 3647|HMR-3647|Ketek|LEVVIAX|NSC-758940|TELITHROMYCIN";"Small molecule";"4";"812.02";"73";"1480";"4.93";"171.85";"14";"1";"2";"11";"N";"0.18";"8.93";"7.66";"5.15";"4.89";"2";"MOL";"0";"58";"15";"1";"2";"811.4731";"NEUTRAL";"C43H65N5O10";"CC[C@H]1OC(=O)[C@H](C)C(=O)[C@H](C)[C@@H](O[C@@H]2O[C@H](C)C[C@H](N(C)C)[C@H]2O)[C@](C)(OC)C[C@@H](C)C(=O)[C@H](C)[C@H]2N(CCCCn3cnc(-c4cccnc4)c3)C(=O)O[C@]12C";"LJVAJPDWBABPEJ-PNUFFHFMSA-N"
"CHEMBL295619";"RUFLOXACIN";"MF 934|NSC-759835|RUFLOXACIN";"Small molecule";"0";"363.41";"33";"141";"1.70";"65.78";"6";"1";"0";"2";"N";"0.88";"5.25";"6.04";"0.68";"-0.37";"2";"MOL";"0";"25";"6";"1";"0";"363.1053";"ACID";"C17H18FN3O3S";"CN1CCN(c2c(F)cc3c(=O)c(C(=O)O)cn4c3c2SCC4)CC1";"NJCJBUHJQLFDSW-UHFFFAOYSA-N"
"CHEMBL606258";"OLEANDOMYCIN";"E704|OLEANDOMYCIN";"Small molecule";"0";"687.87";"10";"65";"1.91";"165.98";"13";"3";"2";"6";"N";"0.27";"12.67";"8.38";"2.98";"1.95";"0";"MOL";"0";"48";"13";"3";"2";"687.4194";"NEUTRAL";"C35H61NO12";"CO[C@H]1C[C@H](O[C@@H]2[C@@H](C)C(=O)O[C@H](C)[C@H](C)[C@H](O)[C@@H](C)C(=O)[C@]3(CO3)C[C@H](C)[C@H](O[C@@H]3O[C@H](C)C[C@H](N(C)C)[C@H]3O)[C@H]2C)O[C@@H](C)[C@@H]1O";"RZPAKFUAFGMUPI-QESOVKLGSA-N"
"CHEMBL2104519";"XIBORNOL";"6-ISOBORNYL-3,4-XYLENOL|XIBORNOL";"Small molecule";"0";"258.40";"";"";"4.94";"20.23";"1";"1";"0";"1";"N";"0.76";"10.86";"None";"5.36";"5.36";"1";"MOL";"0";"19";"1";"1";"0";"258.1984";"NEUTRAL";"C18H26O";"Cc1cc(O)c(C2CC3CCC2(C)C3(C)C)cc1C";"RNRHMQWZFJXKLZ-UHFFFAOYSA-N"
"CHEMBL1213456";"NEMONOXACIN";"NEMONOXACIN|TG-873870";"Small molecule";"3";"371.44";"17";"440";"2.22";"97.79";"6";"2";"0";"4";"N";"0.86";"5.53";"9.66";"-0.44";"-0.44";"2";"MOL";"0";"27";"7";"3";"0";"371.1845";"ZWITTERION";"C20H25N3O4";"COc1c(N2C[C@@H](C)C[C@H](N)C2)ccc2c(=O)c(C(=O)O)cn(C3CC3)c12";"AVPQPGFLVZTJOR-RYUDHWBXSA-N"
"CHEMBL1384";"KANAMYCIN";"KANAMYCIN|KANAMYCINS|Kanamycin";"Small molecule";"4";"484.50";"244";"2046";"-7.29";"282.61";"15";"11";"2";"6";"N";"0.17";"12.05";"9.34";"-7.06";"-12.20";"0";"MOL";"0";"33";"15";"15";"2";"484.2381";"BASE";"C18H36N4O11";"NC[C@H]1O[C@H](O[C@@H]2[C@@H](N)C[C@@H](N)[C@H](O[C@H]3O[C@H](CO)[C@@H](O)[C@H](N)[C@H]3O)[C@H]2O)[C@H](O)[C@@H](O)[C@@H]1O";"SBUJHOSQTJFQJX-NOAMYHISSA-N"
"CHEMBL2105907";"AZIDOCILLIN";"AZIDOCILLIN|BRL 2534|BRL-2534|SPC 297 D|SPC-297-D";"Small molecule";"0";"375.41";"";"";"1.67";"135.47";"5";"2";"0";"5";"N";"0.35";"3.32";"None";"1.19";"-2.35";"1";"MOL";"0";"26";"9";"2";"0";"375.1001";"ACID";"C16H17N5O4S";"CC1(C)S[C@@H]2[C@H](NC(=O)[C@H](N=[N+]=[N-])c3ccccc3)C(=O)N2[C@H]1C(=O)O";"ODFHGIPNGIAMDK-NJBDSQKTSA-N"
"CHEMBL443";"SULFAMETHOXAZOLE";"ACETYLSULFAMETHOXAZOLE|Acetylsulfamethoxazole|GANTANOL-DS|Gantanol|NSC-147832|RO 4-2130|RO-4-2130|STX-608|SULFAMETHOXAZOLE|SULFAMETHOXAZOLE SODIUM|SULFAMETHOXAZOLUM|SULPHAMETHOXAZOLE|Sinomin|Suphamethoxazole|UROBAK";"Small molecule";"4";"253.28";"187";"1178";"1.37";"98.22";"5";"2";"0";"3";"N";"0.80";"6.16";"1.97";"0.79";"0.00";"2";"MOL";"0";"17";"6";"3";"0";"253.0521";"ACID";"C10H11N3O3S";"Cc1cc(NS(=O)(=O)c2ccc(N)cc2)no1";"JLKIGFTWXXRPMT-UHFFFAOYSA-N"
"CHEMBL1644";"CEFADROXIL";"ANHYDROUS CEFADROXIL|BAXAN|BL-S578|CEFADROXIL|CEFADROXIL (AS MONOHYDRATE)|CEFADROXIL ANHYDROUS|CEFADROXIL HYDRATE|CEFADROXIL MONOHYDRATE|CEFADROXIL/CEFADROXIL HEMIHYDRATE|Cefadrops|Cefadroxil|Cefadroxil/cefadroxil hemihydrate|Cefatabs|DURACEF|Duricef|MJF 11567-3|MJF-11567-3|NSC-756664|Ultracef";"Small molecule";"4";"363.39";"39";"190";"0.15";"132.96";"6";"4";"0";"4";"N";"0.56";"3.25";"7.22";"-2.45";"-2.81";"1";"MOL";"0";"25";"8";"5";"0";"363.0889";"ACID";"C16H17N3O5S";"CC1=C(C(=O)O)N2C(=O)[C@@H](NC(=O)[C@H](N)c3ccc(O)cc3)[C@H]2SC1";"BOEGTKLJZSQCCD-UEKVPHQBSA-N"
"CHEMBL474579";"CEFOTETAN";"CEFOTETAN|Cefotan|ICI 156,834|ICI-156,834|ICI-156834|NSC-760045";"Small molecule";"4";"575.63";"74";"323";"-1.40";"219.93";"14";"4";"2";"9";"N";"0.07";"3.03";"None";"-0.38";"-7.10";"1";"MOL";"0";"36";"15";"5";"2";"575.0021";"ACID";"C17H17N7O8S4";"CO[C@@]1(NC(=O)C2SC(=C(C(N)=O)C(=O)O)S2)C(=O)N2C(C(=O)O)=C(CSc3nnnn3C)CS[C@@H]21";"SRZNHPXWXCNNDU-IXOPCIAXSA-N"
"CHEMBL1583";"BACAMPICILLIN";"BACAMPICILLIN|Bacampicillin|PENGLOBE";"Small molecule";"4";"465.53";"6";"42";"1.30";"137.26";"9";"2";"0";"7";"N";"0.35";"11.72";"7.23";"1.47";"1.25";"1";"MOL";"0";"32";"10";"3";"0";"465.1570";"NEUTRAL";"C21H27N3O7S";"CCOC(=O)OC(C)OC(=O)[C@@H]1N2C(=O)[C@@H](NC(=O)[C@H](N)c3ccccc3)[C@H]2SC1(C)C";"PFOLLRNADZZWEX-FFGRCDKISA-N"
"CHEMBL249837";"METHACYCLINE";"GS-2876|METACYCLINE|METHACYCLINE|MOTC";"Small molecule";"4";"442.42";"9";"38";"-0.44";"181.62";"9";"6";"1";"2";"N";"0.33";"2.88";"7.41";"-3.51";"-3.81";"1";"MOL";"0";"32";"10";"7";"1";"442.1376";"ACID";"C22H22N2O8";"C=C1c2cccc(O)c2C(=O)C2=C(O)[C@]3(O)C(=O)C(C(N)=O)=C(O)[C@@H](N(C)C)[C@@H]3[C@@H](O)[C@H]12";"MHIGBKBJSQVXNH-IWVLMIASSA-N"
"CHEMBL1741";"CLARITHROMYCIN";"6-O-METHYLERYTHROMYCIN|A-56268|ABBOTT-56268|BIAXIN XL|Biaxin|Biaxin XL Pac|CLARIE XL|CLARITHROMYCIN|CLARITHROMYCIN IDENTITY|CLAROSIP|CYLLIND|Clarithromycin extended release|ERYTHROMYCIN, 6-O-METHYL-|FEBZIN XL|KLACID|KLARICID|KLARICID 500|KLARICID ADULT|KLARICID I.V.|KLARICID PAED|KLARICID XL|MACLADIN|MAVID|MYCIFOR XL|NSC-758704|Prevpac|TE-031|VECLAM|XETININ XL|ZECLAR";"Small molecule";"4";"747.96";"223";"3120";"2.44";"182.91";"14";"4";"2";"8";"N";"0.27";"12.46";"8.38";"3.24";"2.22";"0";"MOL";"0";"52";"14";"4";"2";"747.4769";"NEUTRAL";"C38H69NO13";"CC[C@H]1OC(=O)[C@H](C)[C@@H](O[C@H]2C[C@@](C)(OC)[C@@H](O)[C@H](C)O2)[C@H](C)[C@@H](O[C@@H]2O[C@H](C)C[C@H](N(C)C)[C@H]2O)[C@](C)(OC)C[C@@H](C)C(=O)[C@H](C)[C@@H](O)[C@]1(C)O";"AGOYDEPGAOXOCK-KCBOHYOISA-N"
"CHEMBL186";"CEFEPIME";"BMY-28142|CEFEPIME|J01DE01|Maxipime|RENAPIME|VNRX-5022";"Small molecule";"4";"480.57";"132";"3311";"-1.28";"150.04";"10";"2";"0";"7";"N";"0.21";"2.82";"3.62";"-4.22";"-3.45";"1";"MOL";"0";"32";"11";"3";"1";"480.1250";"ACID";"C19H24N6O5S2";"CO/N=C(\C(=O)N[C@@H]1C(=O)N2C(C(=O)[O-])=C(C[N+]3(C)CCCC3)CS[C@H]12)c1csc(N)n1";"HVFLCNVBZFFHBT-ZKDACBOMSA-N"
"CHEMBL1908324";"METAMPICILLIN";"FEDACILINA|METAMPICILLIN|METHYLENAMPICILLIN|MICINOVO|Metampicillin|NSC-758167|PRAVACILIN|RUTICINA|VIDERPEN";"Small molecule";"0";"361.42";"4";"6";"1.06";"99.07";"5";"2";"0";"5";"N";"0.60";"3.24";"4.14";"-0.38";"-2.75";"1";"MOL";"0";"25";"7";"2";"0";"361.1096";"ACID";"C17H19N3O4S";"C=N[C@@H](C(=O)N[C@@H]1C(=O)N2[C@@H](C(=O)O)C(C)(C)S[C@H]12)c1ccccc1";"FZECHKJQHUVANE-MCYUEQNJSA-N"
"CHEMBL453";"SULFISOXAZOLE";"Entusil|Eryzole|Gantrisin|NSC-13120|NSC-683536|Neazolin|Pediazole|SOSOL|SOXAZOLE|SULFAFURAZOLE|SULFALAR|SULFISOXAZOLE|SULPHAFURAZOLE|SULSOXIN|Sulfafurazole|Sulfisoxazole|Sulphafurazole";"Small molecule";"4";"267.31";"148";"848";"1.67";"98.22";"5";"2";"0";"3";"N";"0.82";"5.80";"2.17";"0.73";"-0.14";"2";"MOL";"0";"18";"6";"3";"0";"267.0678";"ACID";"C11H13N3O3S";"Cc1noc(NS(=O)(=O)c2ccc(N)cc2)c1C";"NHUHCSRWZMLRLA-UHFFFAOYSA-N"
"CHEMBL560976";"DIBEKACIN";"DIBEKACIN|DIBEKACIN SULFATE";"Small molecule";"0";"451.52";"11";"60";"-5.27";"247.94";"13";"9";"2";"6";"N";"0.18";"12.54";"9.80";"-5.33";"-12.72";"0";"MOL";"0";"31";"13";"14";"2";"451.2642";"BASE";"C18H37N5O8";"NC[C@@H]1CC[C@@H](N)[C@@H](O[C@@H]2[C@@H](N)C[C@@H](N)[C@H](O[C@H]3O[C@H](CO)[C@@H](O)[C@H](N)[C@H]3O)[C@H]2O)O1";"JJCQSGDBDPYCEO-XVZSLQNASA-N"
"CHEMBL1109";"SULFAPHENAZOLE";"NSC-757859|ORISULF|SULFAFENAZOL|SULFAPHENAZOLE|SULPHAPHENAZOLE|Sulfabid|Sulfafenazol|Sulfaphenazole";"Small molecule";"4";"314.37";"148";"841";"2.26";"90.01";"5";"2";"0";"4";"N";"0.72";"6.82";"2.44";"1.81";"1.28";"3";"MOL";"0";"22";"6";"3";"0";"314.0837";"NEUTRAL";"C15H14N4O2S";"Nc1ccc(S(=O)(=O)Nc2ccnn2-c2ccccc2)cc1";"QWCJHSGMANYXCW-UHFFFAOYSA-N"
"CHEMBL1454910";"NITROXOLINE";"A-82|NITROHYDROXYQUINOLINE|NITROXOLINE|NSC-74947";"Small molecule";"0";"190.16";"77";"196";"1.85";"76.26";"4";"1";"0";"1";"N";"0.55";"6.89";"1.92";"1.77";"1.15";"2";"MOL";"0";"14";"5";"1";"0";"190.0378";"NEUTRAL";"C9H6N2O3";"O=[N+]([O-])c1ccc(O)c2ncccc12";"RJIWZDNTCBHXAL-UHFFFAOYSA-N"
"CHEMBL62193";"SULFADIMETHOXINE";"Madribon|NSC-683544|NSC-757860|SULFADIMETHOXINE|SULPHADIMETHOXINE";"Small molecule";"4";"310.34";"133";"573";"0.88";"116.43";"7";"2";"0";"5";"N";"0.79";"6.91";"1.99";"1.26";"0.78";"2";"MOL";"0";"21";"8";"3";"0";"310.0736";"NEUTRAL";"C12H14N4O4S";"COc1cc(NS(=O)(=O)c2ccc(N)cc2)nc(OC)n1";"ZZORFUFYDOWNEF-UHFFFAOYSA-N"
"CHEMBL2303613";"CEFODIZIME";"CEFODIZIME|CEFODIZIME DISODIUM|CEFODIZIME DISODIUM SALT|CEFODIZIME SODIUM|Cefodizime|HR 221|HR 221 [AS SODIUM]|HR-221|S 77 1221 B|S 77 1221 B [AS SODIUM]|S 77-1221B|S-77-1221-B|S-77-1221B|THR 221|THR 221 [AS SODIUM]|THR-221|TIMECEF";"Small molecule";"4";"584.68";"9";"45";"1.00";"197.40";"13";"4";"2";"10";"N";"0.13";"-1.44";"4.19";"0.24";"-5.49";"2";"MOL";"0";"37";"13";"5";"2";"584.0276";"ACID";"C20H20N6O7S4";"CO/N=C(\C(=O)N[C@@H]1C(=O)N2C(C(=O)O)=C(CSc3nc(C)c(CC(=O)O)s3)CS[C@H]12)c1csc(N)n1";"XDZKBRJLTGRPSS-BGZQYGJUSA-N"
"CHEMBL3989738";"POLYMYXIN B";"POLYMIXIN B|POLYMYXIN B";"Protein";"4";"2392.97";"61";"681";"None";"None";"None";"None";"None";"None";"None";"None";"None";"None";"None";"None";"None";"MOL";"0";"None";"None";"None";"None";"2391.4842";"None";"C111H194N32O26";"CC(C)CCCCC(=O)N[C@@H](CCN)C(=O)N[C@H](C(=O)N[C@@H](CCN)C(=O)N[C@H]1CCNC(=O)[C@H]([C@@H](C)O)NC(=O)[C@H](CCN)NC(=O)[C@H](CCN)NC(=O)[C@H](CC(C)C)NC(=O)[C@@H](Cc2ccccc2)NC(=O)[C@@H](CCN)NC1=O)[C@@H](C)O.CC[C@H](C)CCCCC(=O)N[C@@H](CCN)C(=O)N[C@H](C(=O)N[C@@H](CCN)C(=O)N[C@H]1CCNC(=O)[C@H]([C@@H](C)O)NC(=O)[C@H](CCN)NC(=O)[C@H](CCN)NC(=O)[C@H](CC(C)C)NC(=O)[C@@H](Cc2ccccc2)NC(=O)[C@@H](CCN)NC1=O)[C@@H](C)O";"ZBJNZFQKYZCUJU-PAHFEQBRSA-N"
"CHEMBL1095284";"CEFATRIZINE";"BL-S640|CEFATRIZINE|CEFATRIZINE PROPYLENE GLYCOLATE|J01DB07|S-640P";"Small molecule";"0";"462.51";"8";"22";"0.04";"174.53";"9";"5";"0";"7";"N";"0.28";"2.92";"7.22";"-2.19";"-2.56";"2";"MOL";"0";"31";"11";"6";"2";"462.0780";"ACID";"C18H18N6O5S2";"N[C@@H](C(=O)N[C@@H]1C(=O)N2C(C(=O)O)=C(CSc3c[nH]nn3)CS[C@H]12)c1ccc(O)cc1";"UOCJDOLVGGIYIQ-PBFPGSCMSA-N"
"CHEMBL4297166";"TEICOPLANIN";"MDL 507|MDL-507|NSC-759183|TAGOCID|TARGOSID|TEICHOMYCIN A2|TEICOPLANIN|TEICOPLANIN A2|TEIKOPLANIN|TICOCIN|Targocid";"Unknown";"4";"";"";"";"";"";"";"";"";"";"";"";"";"";"";"";"";"NONE";"0";"";"";"";"";"";"";"";"";""
"CHEMBL2103764";"CEFETAMET";"CEFETAMET|CEFETAMET PIVOXIL HYDROCHLORIDE|DEACETOXYCEFOTAXIME|LY-097964|LY-97964|LY097964|RO 15-8074|RO-15-8074";"Small molecule";"0";"397.44";"7";"39";"-0.17";"147.21";"9";"3";"0";"5";"N";"0.35";"2.72";"3.61";"-0.65";"-3.35";"1";"MOL";"0";"26";"10";"4";"0";"397.0515";"ACID";"C14H15N5O5S2";"CO/N=C(\C(=O)N[C@@H]1C(=O)N2C(C(=O)O)=C(C)CS[C@H]12)c1csc(N)n1";"MQLRYUCJDNBWMV-GHXIOONMSA-N"
"CHEMBL3182343";"PIVAMPICILLIN";"MK-191|PIVAMPICILLIN|PONDOCILLIN";"Small molecule";"4";"463.56";"6";"34";"1.32";"128.03";"8";"2";"0";"6";"N";"0.37";"11.71";"7.23";"2.07";"1.84";"1";"MOL";"0";"32";"9";"3";"0";"463.1777";"NEUTRAL";"C22H29N3O6S";"CC(C)(C)C(=O)OCOC(=O)[C@@H]1N2C(=O)[C@@H](NC(=O)[C@H](N)c3ccccc3)[C@H]2SC1(C)C";"ZEMIJUDPLILVNQ-ZXFNITATSA-N"
"CHEMBL2104921";"SULFAMAZONE";"SULFAMAZONE";"Small molecule";"0";"560.61";"";"";"2.08";"174.51";"11";"3";"2";"9";"N";"0.26";"-1.84";"None";"-0.16";"-1.88";"4";"MOL";"0";"38";"13";"3";"2";"560.1148";"ACID";"C23H24N6O7S2";"COc1ccc(NS(=O)(=O)c2ccc(NC(c3c(C)n(C)n(-c4ccccc4)c3=O)S(=O)(=O)O)cc2)nn1";"BGLHAKAJGYLSOX-UHFFFAOYSA-N"
"CHEMBL3039597";"GENTAMICIN";"GENTAMICIN|GENTAMYCIN|LYRAMYCIN|OKSITSELANIM|SCH-9724|SEPTIGEN|Uromycine";"Small molecule";"4";"1390.73";"277";"6001";"None";"None";"None";"None";"None";"None";"None";"None";"None";"None";"None";"None";"None";"MOL";"0";"None";"None";"None";"None";"1389.9018";"None";"C60H123N15O21";"CNC(C)[C@@H]1CC[C@@H](N)[C@@H](O[C@@H]2[C@@H](N)C[C@@H](N)[C@H](O[C@H]3OC[C@](C)(O)[C@H](NC)[C@H]3O)[C@H]2O)O1.CN[C@@H]1[C@@H](O)[C@@H](O[C@@H]2[C@@H](O)[C@H](O[C@H]3O[C@H](C(C)N)CC[C@H]3N)[C@@H](N)C[C@H]2N)OC[C@]1(C)O.CN[C@@H]1[C@@H](O)[C@@H](O[C@@H]2[C@@H](O)[C@H](O[C@H]3O[C@H](CN)CC[C@H]3N)[C@@H](N)C[C@H]2N)OC[C@]1(C)O";"NPEFREDMMVQEPL-RWPARATISA-N"
"CHEMBL374975";"FUSIDIC ACID";"ANHYDROUS FUSIDIC ACID|CEM-102|FUCIDIN CAVIJECT|FUCITHALMIC|FUSIDATE|FUSIDIC ACID|NSC-56192|RAMYCIN|SQ 16,603|SQ-16603|TAKSTA";"Small molecule";"4";"516.72";"55";"499";"5.67";"104.06";"5";"3";"2";"5";"N";"0.25";"4.46";"None";"4.42";"1.58";"0";"MOL";"0";"37";"6";"3";"2";"516.3451";"ACID";"C31H48O6";"CC(=O)O[C@H]1C[C@@]2(C)[C@@H](C[C@@H](O)[C@H]3[C@@]4(C)CC[C@@H](O)[C@@H](C)[C@@H]4CC[C@@]32C)/C1=C(\CCC=C(C)C)C(=O)O";"IECPWNUMDGFDKC-MZJAQBGESA-N"
"CHEMBL1591";"DEMECLOCYCLINE";"DEMECLOCYCLINE|DEMETHYLCHLORTETRACYCLINE|Demeclocycline";"Small molecule";"4";"464.86";"24";"77";"0.26";"181.62";"9";"6";"1";"2";"N";"0.33";"2.59";"8.54";"-3.17";"-3.61";"1";"MOL";"0";"32";"10";"7";"1";"464.0986";"ZWITTERION";"C21H21ClN2O8";"CN(C)[C@@H]1C(O)=C(C(N)=O)C(=O)[C@@]2(O)C(O)=C3C(=O)c4c(O)ccc(Cl)c4[C@@H](O)[C@H]3C[C@@H]12";"FMTDIUIBLCQGJB-SEYHBJAFSA-N"
"CHEMBL74632";"MOXALACTAM";"LATAMOXEF|Moxalactam|Moxam";"Small molecule";"4";"520.48";"26";"93";"-1.13";"206.30";"12";"4";"2";"9";"N";"0.13";"2.81";"None";"0.17";"-6.72";"2";"MOL";"0";"36";"15";"4";"2";"520.1012";"ACID";"C20H20N6O9S";"CO[C@@]1(NC(=O)C(C(=O)O)c2ccc(O)cc2)C(=O)N2C(C(=O)O)=C(CSc3nnnn3C)CO[C@@H]21";"JWCSIUVGFCSJCK-CAVRMKNVSA-N"
"CHEMBL2107636";"CEFAZEDONE";"CEFAZEDONE";"Small molecule";"0";"548.46";"1";"6";"1.85";"134.49";"10";"2";"1";"7";"N";"0.39";"3.00";"0.24";"1.11";"-2.37";"2";"MOL";"0";"33";"10";"2";"1";"546.9612";"ACID";"C18H15Cl2N5O5S3";"Cc1nnc(SCC2=C(C(=O)O)N3C(=O)[C@@H](NC(=O)Cn4cc(Cl)c(=O)c(Cl)c4)[C@H]3SC2)s1";"VTLCNEGVSVJLDN-MLGOLLRUSA-N"
"CHEMBL1688530";"ORITAVANCIN";"LY-333328|LY333328|ORITAVANCIN";"Unknown";"4";"1793.12";"29";"338";"None";"None";"None";"None";"None";"None";"None";"None";"None";"None";"None";"None";"None";"MOL";"0";"None";"None";"None";"None";"1790.5641";"None";"C86H97Cl3N10O26";"CN[C@H](CC(C)C)C(=O)N[C@H]1C(=O)N[C@@H](CC(N)=O)C(=O)N[C@H]2C(=O)N[C@H]3C(=O)N[C@H](C(=O)N[C@H](C(=O)O)c4cc(O)cc(O)c4-c4cc3ccc4O)[C@H](O[C@H]3C[C@](C)(N)[C@@H](O)[C@H](C)O3)c3ccc(c(Cl)c3)Oc3cc2cc(c3O[C@@H]2O[C@H](CO)[C@@H](O)[C@H](O)[C@H]2O[C@H]2C[C@](C)(NCc3ccc(-c4ccc(Cl)cc4)cc3)[C@@H](O)[C@H](C)O2)Oc2ccc(cc2Cl)[C@H]1O";"VHFGEBVPHAGQPI-LXKZPTCJSA-N"
"CHEMBL31891";"BRODIMOPRIM";"BRODIMOPRIM";"Small molecule";"0";"339.19";"11";"33";"2.01";"96.28";"6";"2";"0";"4";"N";"0.88";"None";"7.16";"2.21";"2.02";"2";"MOL";"0";"20";"6";"4";"0";"338.0378";"NEUTRAL";"C13H15BrN4O2";"COc1cc(Cc2cnc(N)nc2N)cc(OC)c1Br";"BFCRRLMMHNLSCP-UHFFFAOYSA-N"
"CHEMBL268869";"SULFAMETHOXYPYRIDAZINE";"CL-13494|DEPOVERNIL|LEDERKYN|Midicel|NSC-757875|RETASULPHINE|SUCCINYLSULFATHI|SULFAMETHOXYPYRIDAZINE|SULFAMETHOXYPYRIDAZINUM|SULFASUXIDINE|SULPHAMETHOXYPYRIDAZINE";"Small molecule";"4";"280.31";"23";"65";"0.87";"107.20";"6";"2";"0";"4";"N";"0.80";"6.84";"2.02";"0.47";"-0.05";"2";"MOL";"0";"19";"7";"3";"0";"280.0630";"NEUTRAL";"C11H12N4O3S";"COc1ccc(NS(=O)(=O)c2ccc(N)cc2)nn1";"VLYWMPOKSSWJAL-UHFFFAOYSA-N"
"CHEMBL1200699";"DOXYCYCLINE";"DOXIROBE|DOXYCHEL|DOXYCYCLINE|DOXYCYCLINE MONOHYDRATE|DOXYLIN|GS-3065|MONODOX|ORACEA|SUPRACYCLIN|Vibramycin|XYROSA";"Small molecule";"4";"462.46";"";"";"-0.35";"181.62";"9";"6";"1";"2";"N";"0.33";"2.92";"7.46";"-3.29";"-3.57";"1";"MOL";"0";"32";"10";"7";"1";"444.1533";"ACID";"C22H26N2O9";"C[C@H]1c2cccc(O)c2C(=O)C2=C(O)[C@]3(O)C(=O)C(C(N)=O)=C(O)[C@@H](N(C)C)[C@@H]3[C@@H](O)[C@@H]21.O";"XQTWDDCIUJNLTR-CVHRZJFOSA-N"
"CHEMBL2104266";"EPICILLIN";"Dexacillin|EPICILLIN|SQ 11,302|SQ-11302";"Small molecule";"0";"351.43";"";"";"0.22";"112.73";"5";"3";"0";"4";"N";"0.49";"3.25";"7.60";"-2.31";"-2.50";"0";"MOL";"0";"24";"7";"4";"0";"351.1253";"ACID";"C16H21N3O4S";"CC1(C)S[C@@H]2[C@H](NC(=O)[C@H](N)C3=CCC=CC3)C(=O)N2[C@H]1C(=O)O";"RPBAFSBGYDKNRG-NJBDSQKTSA-N"
"CHEMBL370252";"FLUMEQUINE";"APURONE|FLUMEQUINE|NSC-757806";"Small molecule";"0";"261.25";"22";"111";"2.35";"59.30";"3";"1";"0";"1";"Y";"0.86";"5.81";"None";"2.42";"0.82";"2";"MOL";"0";"19";"4";"1";"0";"261.0801";"ACID";"C14H12FNO3";"CC1CCc2cc(F)cc3c(=O)c(C(=O)O)cn1c23";"DPSPPJIUMHPXMA-UHFFFAOYSA-N"
"CHEMBL506110";"SULTAMICILLIN";"BACIMEX|CP-49,952|CP-49952|SULTAMICILLIN|SULTAMICILLIN TOSILATE|SULTAMICILLIN TOSYLATE|UNACID|UNASYN|VD-1827";"Small molecule";"4";"594.67";"5";"30";"-0.59";"182.48";"11";"2";"2";"7";"N";"0.23";"11.71";"7.23";"-0.40";"-0.63";"1";"MOL";"0";"40";"13";"3";"2";"594.1454";"NEUTRAL";"C25H30N4O9S2";"CC1(C)S[C@@H]2[C@H](NC(=O)[C@H](N)c3ccccc3)C(=O)N2[C@H]1C(=O)OCOC(=O)[C@@H]1N2C(=O)C[C@H]2S(=O)(=O)C1(C)C";"OPYGFNJSCUDTBT-PMLPCWDUSA-N"
"CHEMBL2107489";"SULFATHIOUREA";"NSC-108228|SULFATHIOCARBAMIDE|SULFATHIOUREA|SULPHATHIOUREA";"Small molecule";"0";"231.30";"2";"2";"-0.21";"98.21";"4";"3";"0";"2";"N";"0.48";"6.13";"2.25";"0.30";"-0.50";"1";"MOL";"0";"14";"5";"5";"0";"231.0136";"ACID";"C7H9N3O2S2";"NC(=S)NS(=O)(=O)c1ccc(N)cc1";"UEMLYRZWLVXWRU-UHFFFAOYSA-N"
"CHEMBL1214185";"ROXITHROMYCIN";"NSC-758443|ROXITHROMYCIN|RU 28965|RU 965|RU-28965|RU-965|RULID|Rulide";"Small molecule";"4";"837.06";"143";"672";"2.21";"216.89";"17";"5";"2";"13";"N";"0.08";"12.45";"9.08";"3.00";"1.32";"0";"MOL";"0";"58";"17";"5";"2";"836.5246";"BASE";"C41H76N2O15";"CC[C@H]1OC(=O)[C@H](C)[C@@H](O[C@H]2C[C@@](C)(OC)[C@@H](O)[C@H](C)O2)[C@H](C)[C@@H](O[C@@H]2O[C@H](C)C[C@H](N(C)C)[C@H]2O)[C@](C)(O)C[C@@H](C)/C(=N\OCOCCOC)[C@H](C)[C@@H](O)[C@]1(C)O";"RXZBMPWDPOLZGW-XMRMVWPWSA-N"
"CHEMBL2105953";"CEFTERAM";"CEFTERAM|CEFTERAM PIVOXIL|RO 19-5247";"Small molecule";"0";"479.50";"";"";"-1.19";"190.81";"13";"3";"1";"7";"N";"0.25";"2.72";"3.42";"-1.41";"-4.09";"2";"MOL";"0";"32";"14";"4";"1";"479.0794";"ACID";"C16H17N9O5S2";"CO/N=C(\C(=O)N[C@@H]1C(=O)N2C(C(=O)O)=C(Cn3nnc(C)n3)CS[C@H]12)c1csc(N)n1";"XSPUSVIQHBDITA-RKYNPMAHSA-N"
"CHEMBL556262";"FAROPENEM";"FAROPENEM|FROPENEM";"Small molecule";"3";"285.32";"25";"224";"0.37";"87.07";"5";"2";"0";"3";"N";"0.73";"3.97";"None";"-0.75";"-3.93";"0";"MOL";"0";"19";"6";"2";"0";"285.0671";"ACID";"C12H15NO5S";"C[C@@H](O)[C@H]1C(=O)N2C(C(=O)O)=C([C@H]3CCCO3)S[C@H]12";"HGGAKXAHAYOLDJ-FHZUQPTBSA-N"
"CHEMBL1672";"CEFPODOXIME";"CEFPODOXIME|Cefpodoxime|EPOXIM|ORELOX|ORELOX PAED";"Small molecule";"4";"427.46";"20";"182";"-0.54";"156.44";"10";"3";"0";"7";"N";"0.30";"2.75";"3.61";"-1.27";"-3.99";"1";"MOL";"0";"28";"11";"4";"1";"427.0620";"ACID";"C15H17N5O6S2";"COCC1=C(C(=O)O)N2C(=O)[C@@H](NC(=O)/C(=N\OC)c3csc(N)n3)[C@H]2SC1";"WYUSVOMTXWRGEK-HBWVYFAYSA-N"
"CHEMBL530";"AMDINOCILLIN";"AMDINOCILLIN|Coactin|FL 1060|FL-1060|MECILLINAM|RO 10-9070|RO-10-9070|SELEXIDIN";"Small molecule";"4";"325.43";"19";"50";"1.41";"73.21";"4";"1";"0";"3";"N";"0.48";"3.30";"7.92";"-0.55";"-0.66";"0";"MOL";"0";"22";"6";"1";"0";"325.1460";"ACID";"C15H23N3O3S";"CC1(C)S[C@@H]2[C@H](/N=C/N3CCCCCC3)C(=O)N2[C@H]1C(=O)O";"BWWVAEOLVKTZFQ-ISVUSNJMSA-N"
"CHEMBL4";"OFLOXACIN";"DL-8280|EXOCIN|FLOXIN OTIC|Floxin|HOE 280|HOE-280|J01MA01|NSC-727071|NSC-758178|OFLOXACIN|Ocuflox|TARIVID|TARIVID 400|TARIVID I.V.|Visiren";"Small molecule";"4";"361.37";"279";"2561";"1.54";"75.01";"6";"1";"0";"2";"N";"0.87";"5.29";"6.16";"0.51";"-0.47";"2";"MOL";"0";"26";"7";"1";"0";"361.1438";"ACID";"C18H20FN3O4";"CC1COc2c(N3CCN(C)CC3)c(F)cc3c(=O)c(C(=O)O)cn1c23";"GSDSWSVVBLHKDQ-UHFFFAOYSA-N"
"CHEMBL1201204";"CEFPIRAMIDE";"CEFPIRAMIDE|NSC-759869|WY-44,635|WY-44635";"Small molecule";"4";"612.65";"16";"58";"0.33";"212.76";"13";"5";"2";"9";"N";"0.16";"3.19";"3.85";"0.15";"-2.91";"3";"MOL";"0";"42";"15";"5";"2";"612.1209";"ACID";"C25H24N8O7S2";"Cc1cc(O)c(C(=O)N[C@@H](C(=O)N[C@@H]2C(=O)N3C(C(=O)O)=C(CSc4nnnn4C)CS[C@H]23)c2ccc(O)cc2)cn1";"PWAUCHMQEXVFJR-PMAPCBKXSA-N"
"CHEMBL1232510";"SOLITHROMYCIN";"CEM 101|CEM-101|OP 1068|OP-1068|SOLITHROMYCIN";"Small molecule";"3";"845.02";"8";"22";"4.60";"197.87";"15";"2";"2";"11";"N";"0.14";"12.83";"7.68";"5.76";"5.30";"2";"MOL";"0";"60";"16";"3";"2";"844.4746";"NEUTRAL";"C43H65FN6O10";"CC[C@H]1OC(=O)[C@@](C)(F)C(=O)[C@H](C)[C@@H](O[C@@H]2O[C@H](C)C[C@H](N(C)C)[C@H]2O)[C@](C)(OC)C[C@@H](C)C(=O)[C@H](C)[C@H]2N(CCCCn3cc(-c4cccc(N)c4)nn3)C(=O)O[C@]12C";"IXXFZUPTQVDPPK-ZAWHAJPISA-N"
"CHEMBL1200729";"CHLORAMPHENICOL SODIUM SUCCINATE";"CHLORAMPHENICOL MONOSUCCINATE SODIUM SALT|CHLORAMPHENICOL SODIUM SUCCINATE|CHLORAMPHENICOLI NATRII SUCCINAS|Chloromyccetin Sod Succ|Chloromycetin|MYCHEL-S|Paraxin|Protophenicol";"Small molecule";"4";"445.19";"4";"22";"1.32";"156.07";"7";"3";"0";"10";"N";"0.22";"3.65";"None";"1.14";"-2.19";"1";"MOL";"0";"27";"10";"3";"0";"422.0284";"ACID";"C15H15Cl2N2NaO8";"O=C([O-])CCC(=O)OC[C@@H](NC(=O)C(Cl)Cl)[C@H](O)c1ccc([N+](=O)[O-])cc1.[Na+]";"RPLOPBHEZLFENN-HTMVYDOJSA-M"
"CHEMBL1091024";"MIOCAMYCIN";"3'',9-DIACETYLMYDECAMYCIN|9,3''-DI-O-ACETYLMIDECAMYCIN|ACECAMYCIN|MIDECAMYCIN ACETATE|MIDECAMYCIN DIACETATE|MIOCAMYCIN|Miocamycin|Miokamycin|PONSINOMYCIN";"Small molecule";"0";"898.05";"8";"58";"3.91";"218.19";"18";"1";"2";"14";"N";"0.15";"12.75";"7.90";"4.07";"3.45";"0";"MOL";"0";"63";"18";"1";"2";"897.4722";"NEUTRAL";"C45H71NO17";"CCC(=O)O[C@H]1[C@H](C)O[C@@H](O[C@@H]2[C@@H](C)O[C@@H](O[C@@H]3[C@@H](OC)[C@H](OC(=O)CC)CC(=O)O[C@H](C)C/C=C/C=C/[C@H](OC(C)=O)[C@H](C)C[C@@H]3CC=O)[C@H](O)[C@H]2N(C)C)C[C@@]1(C)OC(C)=O";"GQNZGCARKRHPOH-RQIKCTSVSA-N"
"CHEMBL1200544";"CEPHALEXIN";"66873|CEFALEXIN|CEFALEXIN MONOHYDRATE|CEFANEX|CEPHALEXIN|CEPHALEXIN MONOHYDRATE|CEPOREX|Cefalexin hydrate|KIFLONE|Keflet|Keflex|LY-66873|NSC-758162|PANIXINE DISPERDOSE|TENKOREX";"Small molecule";"4";"365.41";"10";"10";"0.44";"112.73";"5";"3";"0";"4";"N";"0.68";"3.26";"7.23";"-2.14";"-2.50";"1";"MOL";"0";"24";"7";"4";"0";"347.0940";"ACID";"C16H19N3O5S";"CC1=C(C(=O)O)N2C(=O)[C@@H](NC(=O)[C@H](N)c3ccccc3)[C@H]2SC1.O";"AVGYWQBCYZHHPN-CYJZLJNKSA-N"
"CHEMBL700";"SULFAPYRIDINE";"CONCORD 693|Coccoclase|DAGENAN|Eubasin|NSC-41791|NSC-4753|Piridazol|SULFAPYRIDINE|SULPHAPYRIDINE|Sulfanilamidopyridine|Sulfapyridine";"Small molecule";"4";"249.30";"36";"126";"1.46";"85.08";"4";"2";"0";"3";"N";"0.81";"6.24";"2.14";"1.01";"0.24";"2";"MOL";"0";"17";"5";"3";"0";"249.0572";"ACID";"C11H11N3O2S";"Nc1ccc(S(=O)(=O)Nc2ccccn2)cc1";"GECHUMIMRBOMGK-UHFFFAOYSA-N"
"CHEMBL316157";"CEPHALORIDINE";"40602|CEFALORIDINE|CEPHALORIDINE|Cephaloridine|Kefloridin|Loridine";"Small molecule";"0";"415.50";"76";"394";"-0.32";"93.42";"6";"1";"0";"6";"N";"0.52";"3.09";"None";"-3.09";"-3.32";"2";"MOL";"0";"28";"7";"1";"0";"415.0660";"ACID";"C19H17N3O4S2";"O=C(Cc1cccs1)N[C@@H]1C(=O)N2C(C(=O)[O-])=C(C[n+]3ccccc3)CS[C@H]12";"CZTQZXZIADLWOZ-CRAIPNDOSA-N"
"CHEMBL1208";"CINOXACIN";"64716|CINOXACIN|Cinobac|NSC-304467";"Small molecule";"4";"262.22";"38";"143";"0.84";"90.65";"6";"1";"0";"2";"N";"0.86";"4.93";"None";"1.72";"-0.72";"2";"MOL";"0";"19";"7";"1";"0";"262.0590";"ACID";"C12H10N2O5";"CCn1nc(C(=O)O)c(=O)c2cc3c(cc21)OCO3";"VDUWPHTZYNWKRN-UHFFFAOYSA-N"
"CHEMBL1731";"MEZLOCILLIN";"BAY-F-1353|BAYPEN|MEZLOCILLIN|Mezlocillin|Multocillin";"Small molecule";"4";"539.59";"11";"74";"-0.23";"173.50";"8";"3";"1";"6";"N";"0.41";"3.49";"None";"-0.84";"-4.22";"1";"MOL";"0";"36";"13";"3";"2";"539.1145";"ACID";"C21H25N5O8S2";"CC1(C)S[C@@H]2[C@H](NC(=O)[C@H](NC(=O)N3CCN(S(C)(=O)=O)C3=O)c3ccccc3)C(=O)N2[C@H]1C(=O)O";"YPBATNHYBCGSSN-VWPFQQQWSA-N"
"CHEMBL1214";"CARBENICILLIN";"CARBENICILLIN|Carbenicillin|Geocillin|Geopen|Pyopen";"Small molecule";"4";"378.41";"47";"354";"0.49";"124.01";"5";"3";"0";"5";"N";"0.50";"3.11";"None";"0.82";"-5.91";"1";"MOL";"0";"26";"8";"3";"0";"378.0886";"ACID";"C17H18N2O6S";"CC1(C)S[C@@H]2[C@H](NC(=O)C(C(=O)O)c3ccccc3)C(=O)N2[C@H]1C(=O)O";"FPPNZSSZRUTDAP-UWFZAAFLSA-N"
"CHEMBL3989751";"NEOMYCIN";"FRADIOMYCIN|KAOMYCINE|NEOLATE|NEOMAS|NEOMIN|NEOMYCIN|PIMAVECORT|VONAMYCIN";"Small molecule";"4";"";"";"";"";"";"";"";"";"";"";"";"";"";"";"";"";"NONE";"0";"";"";"";"";"";"";"";"";""
"CHEMBL1476605";"CLOFOCTOL";"CLOFOCTOL|NSC-758389|OCTOFENE";"Small molecule";"0";"365.34";"36";"71";"7.00";"20.23";"1";"1";"1";"4";"N";"0.62";"10.28";"None";"7.99";"7.99";"2";"MOL";"0";"24";"1";"1";"1";"364.1361";"NEUTRAL";"C21H26Cl2O";"CC(C)(C)CC(C)(C)c1ccc(O)c(Cc2ccc(Cl)cc2Cl)c1";"HQVZOORKDNCGCK-UHFFFAOYSA-N"
"CHEMBL3184906";"CEFPROZIL";"BBS-1067|BMY-28100-03-800|BMY-28167|CEFPROZIL|CEFPROZIL E-FORM|CEFPROZIL MONOHYDRATE|Cefzil|NSC-759099";"Small molecule";"4";"407.45";"1";"1";"0.71";"132.96";"6";"4";"0";"5";"N";"0.55";"3.30";"7.22";"-1.92";"-2.28";"1";"MOL";"0";"27";"8";"5";"0";"389.1045";"ACID";"C18H21N3O6S";"CC=CC1=C(C(=O)O)N2C(=O)[C@@H](NC(=O)[C@H](N)c3ccc(O)cc3)[C@H]2SC1.O";"ALYUMNAHLSSTOU-PFBPGKLMSA-N"
"CHEMBL617";"CEPHALOTHIN";"CEFALOTIN|Cephalothin|Seffin";"Small molecule";"4";"396.45";"157";"2692";"0.59";"113.01";"7";"2";"0";"6";"N";"0.53";"3.43";"None";"0.02";"-3.38";"1";"MOL";"0";"26";"8";"2";"0";"396.0450";"ACID";"C16H16N2O6S2";"CC(=O)OCC1=C(C(=O)O)N2C(=O)[C@@H](NC(=O)Cc3cccs3)[C@H]2SC1";"XIURVHNZVLADCM-IUODEOHRSA-N"
"CHEMBL15413";"FLOMOXEF";"FLOMOXEF|FLOMOXEF SODIUM";"Small molecule";"3";"496.47";"16";"82";"-1.29";"169.00";"12";"3";"1";"11";"N";"0.19";"3.08";"None";"-0.11";"-3.57";"1";"MOL";"0";"32";"13";"3";"1";"496.0646";"ACID";"C15H18F2N6O7S2";"CO[C@@]1(NC(=O)CSC(F)F)C(=O)N2C(C(=O)O)=C(CSc3nnnn3CCO)CO[C@@H]21";"UHRBTBZOWWGKMK-DOMZBBRYSA-N"
"CHEMBL1614658";"CARUMONAM";"CARUMONAM";"Small molecule";"0";"466.41";"8";"96";"-2.88";"253.90";"12";"5";"1";"9";"N";"0.11";"-2.09";"3.90";"-4.94";"-8.09";"1";"MOL";"0";"30";"16";"7";"2";"466.0213";"ACID";"C12H14N6O10S2";"NC(=O)OC[C@@H]1[C@H](NC(=O)/C(=N\OCC(=O)O)c2csc(N)n2)C(=O)N1S(=O)(=O)O";"UIMOJFJSJSIGLV-JNHMLNOCSA-N"
"CHEMBL1191";"SULFAMETHIZOLE";"MICROSUL|Methazol|NSC-757327|PROKLAR|SULFAMETHIZOLE|SULPHAMETHIZOLE|Sulfamethizole|Sulphamethylthiadiazole|Tetracid|Thiosulfil|UROLUCOSIL";"Small molecule";"4";"270.34";"131";"369";"1.23";"97.97";"6";"2";"0";"3";"N";"0.82";"6.71";"1.95";"0.21";"-0.36";"2";"MOL";"0";"17";"6";"3";"0";"270.0245";"NEUTRAL";"C9H10N4O2S2";"Cc1nnc(NS(=O)(=O)c2ccc(N)cc2)s1";"VACCAVUAMIDAGB-UHFFFAOYSA-N"
"CHEMBL422648";"PRULIFLOXACIN";"NM-441|NM441|NSC-759833|PRULIFLOXACIN|PRUVEL";"Small molecule";"3";"461.47";"12";"44";"2.64";"109.13";"9";"1";"0";"4";"N";"0.63";"5.82";"4.88";"2.55";"1.24";"3";"MOL";"0";"32";"9";"1";"0";"461.1057";"ACID";"C21H20FN3O6S";"Cc1oc(=O)oc1CN1CCN(c2cc3c(cc2F)c(=O)c(C(=O)O)c2n3C(C)S2)CC1";"PWNMXPDKBYZCOO-UHFFFAOYSA-N"
"CHEMBL3833338";"STREPTODUOCIN";"Combistrep|DIHYDROSTREPTOMYCIN-STREPTOMYCIN|Distrycin|STREPTODUOCIN";"Small molecule";"0";"1361.33";"";"";"None";"None";"None";"None";"None";"None";"None";"None";"None";"None";"None";"None";"None";"MOL";"0";"None";"None";"None";"None";"1164.5470";"None";"C42H84N14O32S2";"CN[C@@H]1[C@H](O[C@H]2[C@H](O[C@@H]3[C@@H](NC(=N)N)[C@H](O)[C@@H](NC(=N)N)[C@H](O)[C@H]3O)O[C@@H](C)[C@]2(O)C=O)O[C@@H](CO)[C@H](O)[C@H]1O.CN[C@@H]1[C@H](O[C@H]2[C@H](O[C@@H]3[C@@H](NC(=N)N)[C@H](O)[C@@H](NC(=N)N)[C@H](O)[C@H]3O)O[C@@H](C)[C@]2(O)CO)O[C@@H](CO)[C@H](O)[C@H]1O.O=S(=O)(O)O.O=S(=O)(O)O";"CPCMMVSHXFLUOU-HHVGSZDJSA-N"
"CHEMBL416755";"OXOLINIC ACID";"AQUALINIC|NSC-110364|OXOLINATE|OXOLINIC ACID|Utibid|W 4565|W-4565";"Small molecule";"0";"261.23";"69";"221";"1.45";"77.76";"5";"1";"0";"2";"N";"0.88";"5.39";"None";"1.35";"-0.65";"2";"MOL";"0";"19";"6";"1";"0";"261.0637";"ACID";"C13H11NO5";"CCn1cc(C(=O)O)c(=O)c2cc3c(cc21)OCO3";"KYGZCKSPAKDVKC-UHFFFAOYSA-N"
"CHEMBL1609";"MANDELIC ACID";"DL-MANDELIC ACID|MANDELIC ACID|Mandelic Acid|NSC-7925|PARAMANDELIC ACID|RACEMIC MANDELIC ACID";"Small molecule";"4";"152.15";"19";"26";"0.80";"57.53";"2";"2";"0";"2";"Y";"0.66";"3.75";"None";"0.90";"-2.39";"1";"MOL";"0";"11";"3";"2";"0";"152.0473";"ACID";"C8H8O3";"O=C(O)C(O)c1ccccc1";"IWYDHOAUDWTVEP-UHFFFAOYSA-N"
"CHEMBL137";"METRONIDAZOLE";"ACEA|ANABACT|BAY-5360|BAYER 5360|BAYER-5360|DEFLAMON|DRAZIFON|ELYZOL|FLAGYL COMPAK|FLAGYL ER|FLAGYL-400|FLAGYL-S|Flagyl|Flagyl 375|Flagyl i.v. rtu in plastic container|GINEFLAVIR|METRO I.V.|METROCREAM|METROGEL-VAGINAL|METROLOTION|METROLYL|METROMIDOL|METRONIDAZOLE|METROSA|METROTOP|Metric 21|Metrogel|NEUTRATOP|NORZOL|NSC-50364|NSC-69587|NUVESSA|Noritate|ORVAGIL|PROTOSTAT|ROSICED|ROZEX|RP 8823|RP-8823|SATRIC|VAGINYL|Vandazole|ZADSTAT|ZIDOVAL|ZYOMET";"Small molecule";"4";"171.16";"296";"3330";"0.09";"81.19";"5";"1";"0";"3";"N";"0.52";"None";"3.03";"-0.46";"-0.46";"1";"MOL";"0";"12";"6";"1";"0";"171.0644";"NEUTRAL";"C6H9N3O3";"Cc1ncc([N+](=O)[O-])n1CCO";"VAOCPAMSLUNLGC-UHFFFAOYSA-N"
"CHEMBL507674";"CEFOPERAZONE";"CEFOPERAZONE|Cefoperazone|PERACEF";"Small molecule";"4";"645.68";"49";"223";"-1.11";"220.26";"13";"4";"2";"9";"N";"0.14";"3.19";"None";"-0.90";"-4.35";"2";"MOL";"0";"44";"17";"4";"2";"645.1424";"ACID";"C25H27N9O8S2";"CCN1CCN(C(=O)N[C@@H](C(=O)N[C@@H]2C(=O)N3C(C(=O)O)=C(CSc4nnnn4C)CS[C@H]23)c2ccc(O)cc2)C(=O)C1=O";"GCFBRXLSHGKWDP-XCGNWRKASA-N"
"CHEMBL1237072";"DIRITHROMYCIN";"DIRITHROMYCIN|Dynabac|LY 237216|LY-237216|NSC-758672";"Small molecule";"4";"835.09";"17";"28";"2.20";"196.33";"16";"5";"2";"12";"N";"0.14";"12.48";"13.48";"2.95";"0.46";"0";"MOL";"0";"58";"16";"5";"2";"834.5453";"BASE";"C42H78N2O14";"CC[C@H]1OC(=O)[C@H](C)[C@@H](O[C@H]2C[C@@](C)(OC)[C@@H](O)[C@H](C)O2)[C@H](C)[C@@H](O[C@@H]2O[C@H](C)C[C@H](N(C)C)[C@H]2O)[C@](C)(O)C[C@@H](C)[C@@H]2N[C@@H](COCCOC)O[C@H]([C@H]2C)[C@]1(C)O";"WLOHNSSYAXHWNR-DWIOZXRMSA-N"
"CHEMBL1276310";"TEMOCILLIN";"BRL 17421 FREE ACID|BRL 17421 [AS SODIUM]|BRL-17421|BRL-17421 FREE ACID|TEMOCILLIN";"Small molecule";"3";"414.46";"10";"31";"0.52";"133.24";"7";"3";"0";"6";"N";"0.35";"3.10";"None";"1.20";"-5.37";"1";"MOL";"0";"27";"9";"3";"0";"414.0555";"ACID";"C16H18N2O7S2";"CO[C@@]1(NC(=O)C(C(=O)O)c2ccsc2)C(=O)N2[C@@H](C(=O)O)C(C)(C)S[C@@H]21";"BVCKFLJARNKCSS-DWPRYXJFSA-N"
"CHEMBL291157";"ROSOXACIN";"ACROSOXACIN|Acrosoxacin|ERACINE|ERADACIL|ERADACIN|ERADICIN|NSC-146617|ROSOXACIN|Roxadyl|WIN 35,213|WIN-35213|WINOXACIN|WINURON";"Small molecule";"4";"294.31";"12";"32";"2.78";"72.19";"4";"1";"0";"3";"N";"0.81";"6.00";"4.89";"1.89";"0.71";"3";"MOL";"0";"22";"5";"1";"0";"294.1004";"ACID";"C17H14N2O3";"CCn1cc(C(=O)O)c(=O)c2ccc(-c3ccncc3)cc21";"XBPZXDSZHPDXQU-UHFFFAOYSA-N"
"CHEMBL485696";"SULFISOMIDINE";"SULFAISODIMIDINE|SULFISOMIDINE|SULFISOMIDINE SODIUM|SULPHASOMIDINE|Sulfaisodimidine";"Small molecule";"0";"278.34";"6";"33";"1.48";"97.97";"5";"2";"0";"3";"N";"0.83";"6.12";"5.00";"0.91";"0.28";"2";"MOL";"0";"19";"6";"3";"0";"278.0837";"ACID";"C12H14N4O2S";"Cc1cc(NS(=O)(=O)c2ccc(N)cc2)nc(C)n1";"YZMCKZRAOLZXAZ-UHFFFAOYSA-N"
"CHEMBL267648";"PEFLOXACIN";"1589 RB|1589-RB|EU-5306|PEFLOXACIN";"Small molecule";"4";"333.36";"141";"537";"1.61";"65.78";"5";"1";"0";"3";"N";"0.92";"5.50";"6.44";"0.75";"-0.02";"2";"MOL";"0";"24";"6";"1";"0";"333.1489";"ACID";"C17H20FN3O3";"CCn1cc(C(=O)O)c(=O)c2cc(F)c(N3CCN(C)CC3)cc21";"FHFYDNQZQSQIAI-UHFFFAOYSA-N"
"CHEMBL376140";"TIGECYCLINE";"TIGECYCLINE|Tygacil|WAY-GAR-936";"Small molecule";"4";"585.66";"111";"2040";"0.51";"205.76";"11";"7";"3";"6";"N";"0.18";"2.84";"8.61";"-3.26";"-3.41";"1";"MOL";"0";"42";"13";"8";"3";"585.2799";"ZWITTERION";"C29H39N5O8";"CN(C)c1cc(NC(=O)CNC(C)(C)C)c(O)c2c1C[C@H]1C[C@H]3[C@H](N(C)C)C(O)=C(C(N)=O)C(=O)[C@@]3(O)C(O)=C1C2=O";"FPZLLRFZJZRHSY-HJYUBDRYSA-N"
"CHEMBL1449";"TICARCILLIN";"TICARCILLIN|Ticarcillin";"Small molecule";"4";"384.44";"65";"878";"0.55";"124.01";"6";"3";"0";"5";"N";"0.50";"3.09";"None";"0.60";"-5.97";"1";"MOL";"0";"25";"8";"3";"0";"384.0450";"ACID";"C15H16N2O6S2";"CC1(C)S[C@@H]2[C@H](NC(=O)[C@H](C(=O)O)c3ccsc3)C(=O)N2[C@H]1C(=O)O";"OHKOGUYZJXTSFX-KZFFXBSXSA-N"
"CHEMBL1276663";"CEFOZOPRAN";"CEFOZOPRAN|CEFOZOPRAN HYDROCHLORIDE";"Small molecule";"0";"515.54";"10";"67";"-2.49";"184.11";"13";"2";"2";"7";"N";"0.15";"2.74";"0.07";"-4.34";"-4.63";"3";"MOL";"0";"35";"14";"3";"2";"515.0794";"ACID";"C19H17N9O5S2";"CO/N=C(\C(=O)N[C@@H]1C(=O)N2C(C(=O)[O-])=C(C[n+]3ccn4ncccc43)CS[C@H]12)c1nsc(N)n1";"QDUIJCOKQCCXQY-WHJQOFBOSA-N"
"CHEMBL1572";"NETILMICIN";"NETILMICIN|NETIRA|NSC-759586|Netilmicin";"Small molecule";"4";"475.59";"152";"1362";"-3.20";"199.73";"12";"8";"2";"8";"N";"0.18";"12.55";"9.80";"-3.53";"-10.64";"0";"MOL";"0";"33";"12";"11";"2";"475.3006";"BASE";"C21H41N5O7";"CCN[C@@H]1C[C@H](N)[C@@H](O[C@H]2OC(CN)=CC[C@H]2N)[C@H](O)[C@H]1O[C@H]1OC[C@](C)(O)[C@H](NC)[C@H]1O";"CIDUJQMULVCIBT-MQDUPKMGSA-N"
"CHEMBL30116";"PIPEMIDIC ACID";"DEBLASTON|DOLCOL|FILTRAX|MEMENTO 400|NSC-758160|NURIL|PI-COLI|PIPEACID|PIPEDAC|PIPEMID|PIPEMIDATE|PIPEMIDIC ACID|PIPEMIDIC ACID ANHYDROUS|PIPEMIDIC ACID HYDRATE|PIPEMIDIC ACID TRIHYDRATE|PIPRAM|PIPURIN|Pipemidic acid|TRACTUR|UROPIMID|UROSTEN|UROVAL";"Small molecule";"4";"303.32";"40";"149";"-0.08";"100.35";"7";"2";"0";"3";"N";"0.82";"5.11";"8.57";"-1.79";"-1.80";"2";"MOL";"0";"22";"8";"2";"0";"303.1331";"ZWITTERION";"C14H17N5O3";"CCn1cc(C(=O)O)c(=O)c2cnc(N3CCNCC3)nc21";"JOHZPMXAZQZXHR-UHFFFAOYSA-N"
"CHEMBL1604";"CEPHRADINE";"Anspor|CEFRADINE|CEFRADINE HYDRATE|CEPHRADINE|CEPHRADINE ANHYDROUS|CEPHRADINE HYDRATE|CEPHRADINE, UNSPECIFIED HYDRATE|Cefradine|Ecosporina|NICEF|NSC-756672|SK&F D-39304|SK-D-39304|SQ 11436|SQ 22022 [DIHYDRATE]|SQ-11436|SQ-22022|VELOSEF '125'|VELOSEF '250'|VELOSEF '500'|Velosef";"Small molecule";"4";"349.41";"27";"109";"0.35";"112.73";"5";"3";"0";"4";"N";"0.50";"3.27";"7.60";"-2.45";"-2.64";"0";"MOL";"0";"24";"7";"4";"0";"349.1096";"ACID";"C16H19N3O4S";"CC1=C(C(=O)O)N2C(=O)[C@@H](NC(=O)[C@H](N)C3=CCC=CC3)[C@H]2SC1";"RDLPVSKMFDYCOR-UEKVPHQBSA-N"
"CHEMBL2106403";"FLURITHROMYCIN";"(8S)-8-FLUOROERYTHROMYCIN|FLURITHROMYCIN";"Small molecule";"0";"751.93";"2";"19";"1.88";"193.91";"14";"5";"2";"7";"N";"0.24";"12.45";"8.38";"2.43";"1.41";"0";"MOL";"0";"52";"14";"5";"2";"751.4518";"NEUTRAL";"C37H66FNO13";"CC[C@H]1OC(=O)[C@H](C)[C@@H](O[C@H]2C[C@@](C)(OC)[C@@H](O)[C@H](C)O2)[C@H](C)[C@@H](O[C@@H]2O[C@H](C)C[C@H](N(C)C)[C@H]2O)[C@](C)(O)C[C@](C)(F)C(=O)[C@H](C)[C@@H](O)[C@]1(C)O";"XOEUHCONYHZURQ-HNUBZJOYSA-N"
"CHEMBL127";"MEROPENEM";"ICI 194,660|ICI-194660|MERONEM|MEROPENEM|MEROPENEM (AS TRIHYDRATE)|MEROPENEM ANHYDROUS|MEROPENEM HYDRATE|MEROPENEM TRIHYDRATE|MEROPENEM, ANHYDROUS|MERREM I.V.|Merrem|Merrem i.v.|NSC-759621|SM-7338";"Small molecule";"4";"383.47";"333";"6032";"-0.31";"110.18";"6";"3";"0";"5";"N";"0.56";"3.28";"9.39";"-4.35";"-4.36";"0";"MOL";"0";"26";"8";"3";"0";"383.1515";"ZWITTERION";"C17H25N3O5S";"C[C@@H](O)[C@H]1C(=O)N2C(C(=O)O)=C(S[C@@H]3CN[C@H](C(=O)N(C)C)C3)[C@H](C)[C@H]12";"DMJNNHOOLUXYBV-PQTSNVLCSA-N"
"CHEMBL437";"SULFATHIAZOLE";"NSC-31812|NSC-683531|SULFATHIAZOLE|SULFATHIAZOLE (TRIPLE SULFA)|SULPHATHIAZOLE|Sulfathiazole|THIAZAMIDE|TRIPLE SULFA (SULFATHIAZOLE)";"Small molecule";"4";"255.32";"206";"922";"1.53";"85.08";"5";"2";"0";"3";"N";"0.81";"6.93";"2.04";"0.98";"0.50";"2";"MOL";"0";"16";"5";"3";"0";"255.0136";"NEUTRAL";"C9H9N3O2S2";"Nc1ccc(S(=O)(=O)Nc2nccs2)cc1";"JNMRHUJNCSQMMB-UHFFFAOYSA-N"
"CHEMBL2105399";"SULFAMOXOLE";"NSC-683535|SULFAMOXOLE|SULPHAMOXOLE";"Small molecule";"0";"267.31";"4";"23";"1.67";"98.22";"5";"2";"0";"3";"N";"0.82";"6.81";"1.94";"0.59";"0.06";"2";"MOL";"0";"18";"6";"3";"0";"267.0678";"NEUTRAL";"C11H13N3O3S";"Cc1nc(NS(=O)(=O)c2ccc(N)cc2)oc1C";"CYFLXLSBHQBMFT-UHFFFAOYSA-N"
"CHEMBL2106988";"PENAMECILLIN";"HAVAPEN|PENAMECILLIN|WY-20,788|WY-20788";"Small molecule";"4";"406.46";"";"";"0.84";"102.01";"7";"1";"0";"6";"N";"0.42";"11.85";"None";"1.09";"1.09";"1";"MOL";"0";"28";"8";"1";"0";"406.1199";"NEUTRAL";"C19H22N2O6S";"CC(=O)OCOC(=O)[C@@H]1N2C(=O)[C@@H](NC(=O)Cc3ccccc3)[C@H]2SC1(C)C";"NLOOMWLTUVBWAW-HLLBOEOZSA-N"
"CHEMBL1743";"CEFDITOREN";"CEFDITOREN|Cefditoren";"Small molecule";"0";"506.59";"1";"2";"1.29";"160.10";"11";"3";"2";"7";"N";"0.29";"2.27";"3.69";"-0.16";"-2.69";"2";"MOL";"0";"33";"11";"4";"2";"506.0501";"ACID";"C19H18N6O5S3";"CO/N=C(\C(=O)N[C@@H]1C(=O)N2C(C(=O)O)=C(/C=C\c3scnc3C)CS[C@H]12)c1csc(N)n1";"KMIPKYQIOVAHOP-YLGJWRNMSA-N"
"CHEMBL176";"BEKANAMYCIN";"AMINODEOXYKANAMYCIN|BEKANAMYCIN|BEKANAMYCIN SULFATE|KANAMYCIN B|Kantrex|Klebcil|NEBRAMYCIN V|NK 1006|NK-1006";"Small molecule";"3";"483.52";"45";"272";"-7.33";"288.40";"15";"11";"2";"6";"N";"0.17";"12.39";"9.34";"-7.17";"-13.11";"0";"MOL";"0";"33";"15";"16";"2";"483.2540";"BASE";"C18H37N5O10";"NC[C@H]1O[C@H](O[C@@H]2[C@@H](N)C[C@@H](N)[C@H](O[C@H]3O[C@H](CO)[C@@H](O)[C@H](N)[C@H]3O)[C@H]2O)[C@H](N)[C@@H](O)[C@@H]1O";"SKKLOUVUUNMCJE-FQSMHNGLSA-N"
"CHEMBL1730";"CEFOTAXIME";"CEFOTAXIM HIKMA|CEFOTAXIME|Cefotaxime";"Small molecule";"4";"455.47";"324";"3965";"-0.62";"173.51";"11";"3";"1";"7";"N";"0.21";"2.73";"3.58";"-1.49";"-4.20";"1";"MOL";"0";"30";"12";"4";"1";"455.0569";"ACID";"C16H17N5O7S2";"CO/N=C(\C(=O)N[C@@H]1C(=O)N2C(C(=O)O)=C(COC(C)=O)CS[C@H]12)c1csc(N)n1";"GPRBEKHLDVQUJE-QSWIMTSFSA-N"
"CHEMBL134561";"ICLAPRIM";"AR-100|ICLAPRIM|RO 48-2622|RO-48-2622|Ro-482622";"Small molecule";"3";"354.41";"30";"248";"2.43";"105.51";"7";"2";"0";"5";"N";"0.85";"None";"7.15";"2.49";"2.30";"2";"MOL";"0";"26";"7";"4";"0";"354.1692";"NEUTRAL";"C19H22N4O3";"COc1cc(Cc2cnc(N)nc2N)c2c(c1OC)OC(C1CC1)C=C2";"HWJPWWYTGBZDEG-UHFFFAOYSA-N"
"CHEMBL2221249";"COLISTIN";"COLISTIN|Polymyxin E";"Protein";"4";"2296.97";"145";"1354";"None";"None";"None";"None";"None";"None";"None";"None";"None";"None";"None";"None";"None";"MOL";"0";"None";"None";"None";"None";"2295.5570";"None";"C105H202N32O24";"CC(C)CCCCC(=O)N[C@@H](CCN)C(=O)N[C@@H](CN[C@@H](CCN)C(=O)N[C@H]1CCNC(=O)[C@H]([C@@H](C)O)NC(=O)[C@H](CCN)NC(=O)[C@H](CCN)NC(=O)[C@H](CC(C)C)NC(=O)[C@@H](CC(C)C)NC(=O)[C@H](CCN)NC1=O)[C@@H](C)O.CCC(C)CCCCC(=O)N[C@@H](CCN)C(=O)N[C@@H](CN[C@@H](CCN)C(=O)N[C@H]1CCNC(=O)[C@H]([C@@H](C)O)NC(=O)[C@H](CCN)NC(=O)[C@H](CCN)NC(=O)[C@H](CC(C)C)NC(=O)[C@@H](CC(C)C)NC(=O)[C@H](CCN)NC1=O)[C@@H](C)O";"JORAUNFTUVJTNG-BSTBCYLQSA-N"
"CHEMBL1619785";"TALAMPICILLIN";"BRL 8988|BRL-8988|TALAMPICILLIN";"Small molecule";"4";"481.53";"2";"4";"1.65";"128.03";"8";"2";"0";"5";"N";"0.49";"11.52";"7.23";"2.09";"1.86";"2";"MOL";"0";"34";"9";"3";"0";"481.1308";"NEUTRAL";"C24H23N3O6S";"CC1(C)S[C@@H]2[C@H](NC(=O)[C@H](N)c3ccccc3)C(=O)N2[C@H]1C(=O)OC1OC(=O)c2ccccc21";"SOROUYSPFADXSN-SUWVAFIASA-N"
"CHEMBL126";"LINEZOLID";"LINEZOLID|PNU-100766|U-100,766|U-100766|Zyvox";"Small molecule";"4";"337.35";"223";"6809";"1.12";"71.11";"5";"1";"0";"4";"N";"0.89";"None";"None";"0.64";"0.64";"1";"MOL";"0";"24";"7";"1";"0";"337.1438";"NEUTRAL";"C16H20FN3O4";"CC(=O)NC[C@H]1CN(c2ccc(N3CCOCC3)c(F)c2)C(=O)O1";"TYZROVQLWOKYKF-ZDUSSCGKSA-N"
"CHEMBL1236282";"THIAMPHENICOL";"ARMAI|Dextrosulphenidol|NSC-522822|THIAMPHENICOL|THIAMPHENICOL AMINOACETATE HYDROCHLORIDE|Thiocymetin|Thiophenicol|WIN 5063-2|WIN-5063-2";"Small molecule";"1";"356.23";"127";"609";"0.40";"103.70";"5";"3";"0";"6";"N";"0.64";"8.75";"None";"-0.22";"-0.24";"1";"MOL";"0";"21";"6";"3";"0";"355.0048";"NEUTRAL";"C12H15Cl2NO5S";"CS(=O)(=O)c1ccc([C@@H](O)[C@@H](CO)NC(=O)C(Cl)Cl)cc1";"OTVAEFIXJLOWRX-NXEZZACHSA-N"
"CHEMBL6273";"FLEROXACIN";"AM-833|FLEROXACIN|MEGALOCIN|Megalone|RO 23-6240/000|RO-236240|RO-236240000";"Small molecule";"0";"369.34";"150";"485";"1.70";"65.78";"5";"1";"0";"4";"N";"0.89";"5.32";"5.99";"0.98";"-0.09";"2";"MOL";"0";"26";"6";"1";"0";"369.1300";"ACID";"C17H18F3N3O3";"CN1CCN(c2c(F)cc3c(=O)c(C(=O)O)cn(CCF)c3c2F)CC1";"XBJBPGROQZJDOJ-UHFFFAOYSA-N"
"CHEMBL927";"CEFDINIR";"BMY-28488|CEFDINIR|CEFDINIR ANHYDROUS|CEFZON|CI-983|Cefzon|FK 482|FK-482|NSC-758926|Omnicef";"Small molecule";"4";"395.42";"63";"358";"-0.17";"158.21";"9";"4";"0";"5";"N";"0.23";"2.73";"3.61";"-0.89";"-3.70";"1";"MOL";"0";"26";"10";"5";"0";"395.0358";"ACID";"C14H13N5O5S2";"C=CC1=C(C(=O)O)N2C(=O)[C@@H](NC(=O)/C(=N\O)c3csc(N)n3)[C@H]2SC1";"RTXOFQZKPXMALH-GHXIOONMSA-N"
"CHEMBL1436";"CEFUROXIME";"640/359|CEFUROXIME|CEFUROXIME ACID|Cefuroxime|Cefuroximine|Kefurox|Zinacef";"Small molecule";"4";"424.39";"135";"1431";"-0.54";"173.76";"9";"3";"0";"7";"N";"0.30";"2.96";"None";"-0.90";"-4.38";"1";"MOL";"0";"29";"12";"4";"1";"424.0689";"ACID";"C16H16N4O8S";"CO/N=C(\C(=O)N[C@@H]1C(=O)N2C(C(=O)O)=C(COC(N)=O)CS[C@H]12)c1ccco1";"JFPVXVDWJQMJEE-IZRZKJBUSA-N"
"CHEMBL1908336";"MIDECAMYCIN";"ABOREN|ESPINOMYCIN A|LEUCOMYCIN V, 3,4B-DIPROPANOATE|MACROPEN|MEDECAMYCIN A1|MEDEMYCIN|MEDEMYCIN A1|MIDECAMYCIN|MIDECAMYCIN A1|MIDECIN|MOMICINE|MYDECAMYCIN|MYDECAMYCIN A1|MYOXAM|NORMICINA|NSC-154011|PLATENOMYCIN B1|RUBIMYCIN|SF-837|SF-837A1|TURIMYCIN P3|YL-704B1";"Small molecule";"0";"813.98";"7";"24";"2.62";"206.05";"16";"3";"2";"12";"N";"0.15";"12.71";"7.90";"2.84";"2.23";"0";"MOL";"0";"57";"16";"3";"2";"813.4511";"NEUTRAL";"C41H67NO15";"CCOC(=O)[C@@H]1CC(=O)O[C@H](C)C/C=C/C=C/[C@H](O)[C@H](C)C[C@H](CC=O)[C@H](O[C@@H]2O[C@H](C)[C@@H](O[C@H]3C[C@@](C)(O)[C@@H](OC(=O)CC)[C@H](C)O3)[C@H](N(C)C)[C@H]2O)[C@H]1OC";"NGNBWGMTPDSDCJ-QDFUUMMMSA-N"
"CHEMBL403";"SULBACTAM";"CP-45899|CP-458992|NSC-759886|SULBACTAM|Sulbactam";"Small molecule";"4";"233.25";"165";"721";"-0.79";"91.75";"4";"1";"0";"1";"N";"0.60";"3.09";"None";"-0.89";"-4.35";"0";"MOL";"0";"15";"6";"1";"0";"233.0358";"ACID";"C8H11NO5S";"CC1(C)[C@H](C(=O)O)N2C(=O)C[C@H]2S1(=O)=O";"FKENQMMABCRJMK-RITPCOANSA-N"
"CHEMBL158";"AZTREONAM";"AZONAM|AZTREON|AZTREONAM|Azactam|CAYSTON|NEBACTAM|NSC-646279|NSC-758913|PRIMBACTAM|SO 26776|SQ 26776|SQ-26776";"Small molecule";"4";"435.44";"244";"2780";"-1.17";"201.58";"10";"4";"0";"7";"N";"0.17";"-1.52";"3.91";"-3.08";"-6.12";"1";"MOL";"0";"28";"13";"5";"1";"435.0519";"ACID";"C13H17N5O8S2";"C[C@H]1[C@H](NC(=O)/C(=N\OC(C)(C)C(=O)O)c2csc(N)n2)C(=O)N1S(=O)(=O)O";"WZPBZJONDBGPKJ-VEHQQRBSSA-N"
"CHEMBL4297101";"CEFTOBIPROLE MEDOCARIL";"BAL5788|BAL5788-001|CEFTOBIPROLE MEDOCARIL|RO 65-5788";"Small molecule";"3";"712.65";"";"";"-0.54";"264.30";"16";"4";"2";"8";"N";"0.09";"3.19";"0.17";"-0.97";"-5.96";"2";"MOL";"0";"47";"19";"5";"2";"690.1162";"ACID";"C26H25N8NaO11S2";"Cc1oc(=O)oc1COC(=O)N1CC[C@@H](N2CC/C(=C\C3=C(C(=O)[O-])N4C(=O)[C@@H](NC(=O)/C(=N/O)c5nsc(N)n5)[C@H]4SC3)C2=O)C1.[Na+]";"MFAWUGGPPMTWPU-INRVRKGJSA-M"
"CHEMBL1601";"CEFONICID";"CEFONICID|Cefonicid|MONOCEF";"Small molecule";"4";"542.58";"12";"46";"-0.92";"204.91";"12";"4";"2";"9";"N";"0.17";"-1.32";"None";"-2.52";"-6.86";"2";"MOL";"0";"35";"14";"4";"2";"542.0348";"ACID";"C18H18N6O8S3";"O=C(O)C1=C(CSc2nnnn2CS(=O)(=O)O)CS[C@@H]2[C@H](NC(=O)[C@H](O)c3ccccc3)C(=O)N12";"DYAIAHUQIPBDIP-AXAPSJFSSA-N"
"CHEMBL1396177";"PENICILLIN V BENZATHINE";"BENZATHINE PENICILLIN V|BENZATHINE PHENOXYMETHYLPENICILLIN|PENICILLIN BENZATHINE PHENOXYMETHYL|PENICILLIN V BENZATHINE";"Small molecule";"0";"941.14";"8";"10";"0.70";"95.94";"5";"2";"0";"5";"N";"0.76";"3.39";"None";"0.76";"-2.64";"1";"MOL";"0";"24";"7";"2";"0";"350.0936";"ACID";"C48H56N6O10S2";"CC1(C)S[C@@H]2[C@H](NC(=O)COc3ccccc3)C(=O)N2[C@H]1C(=O)O.CC1(C)S[C@@H]2[C@H](NC(=O)COc3ccccc3)C(=O)N2[C@H]1C(=O)O.c1ccc(CNCCNCc2ccccc2)cc1";"BBTOYUUSUQNIIY-ANPZCEIESA-N"
"CHEMBL1447";"LINCOMYCIN";"LINCOLNENSIN|LINCOMYCIN|Lincomycin|U-10,149|U-10149";"Small molecule";"4";"406.55";"139";"884";"-0.86";"122.49";"8";"5";"0";"7";"N";"0.37";"12.37";"7.97";"-0.32";"-0.99";"0";"MOL";"0";"27";"8";"5";"0";"406.2138";"NEUTRAL";"C18H34N2O6S";"CCC[C@@H]1C[C@@H](C(=O)N[C@H]([C@@H](C)O)[C@H]2O[C@H](SC)[C@H](O)[C@@H](O)[C@H]2O)N(C)C1";"OJMMVQQUTAEWLP-KIDUDLJLSA-N"
"CHEMBL702";"PIPERACILLIN";"PIPERACILLIN|PIPERACILLIN HYDRATE|PIPERACILLIN MONOHYDRATE|Piperacillin";"Small molecule";"4";"517.56";"292";"4281";"-0.24";"156.43";"7";"3";"1";"6";"N";"0.34";"3.49";"None";"-0.26";"-3.64";"1";"MOL";"0";"36";"12";"3";"2";"517.1631";"ACID";"C23H27N5O7S";"CCN1CCN(C(=O)N[C@@H](C(=O)N[C@@H]2C(=O)N3[C@@H](C(=O)O)C(C)(C)S[C@H]23)c2ccccc2)C(=O)C1=O";"IVBHGBMCVLDMKU-GXNBUGAJSA-N"
"CHEMBL430";"GEMIFLOXACIN";"FACTIV|GEMIFLOXACIN|Gemifloxacin";"Small molecule";"4";"389.39";"66";"743";"0.97";"123.04";"8";"2";"0";"5";"N";"0.73";"5.35";"9.23";"-0.91";"-0.91";"2";"MOL";"0";"28";"9";"3";"0";"389.1499";"ZWITTERION";"C18H20FN5O4";"CO/N=C1\CN(c2nc3c(cc2F)c(=O)c(C(=O)O)cn3C2CC2)CC1CN";"ZRCVYEYHRGVLOC-HYARGMPZSA-N"
"CHEMBL1757";"FOSFOMYCIN";"CALCIUM FOSFOMYCIN|FOSFOCINA|FOSFOMYCIN|FOSFOMYCIN CALCIUM|FOSFOMYCIN CALCIUM HYDRATE|FOSFOMYCIN SODIUM|Fosfomycin|J01XX01|Monurol|NSC-758170|ZTI-01";"Small molecule";"4";"138.06";"72";"394";"-0.09";"70.06";"2";"2";"0";"1";"N";"0.39";"1.25";"None";"-0.74";"-3.18";"0";"MOL";"0";"8";"4";"2";"0";"138.0082";"ACID";"C3H7O4P";"C[C@@H]1O[C@@H]1P(=O)(O)O";"YMDXZJFXQJVXBF-STHAYSLISA-N"
"CHEMBL891";"CLOXACILLIN";"CLOXACILLIN|Cloxacillin|Cloxapen|ORBENIN|Tegopen";"Small molecule";"4";"435.89";"156";"1122";"2.55";"112.74";"6";"2";"0";"4";"N";"0.71";"3.75";"None";"2.30";"-0.98";"2";"MOL";"0";"29";"8";"2";"0";"435.0656";"ACID";"C19H18ClN3O5S";"Cc1onc(-c2ccccc2Cl)c1C(=O)N[C@@H]1C(=O)N2[C@@H](C(=O)O)C(C)(C)S[C@H]12";"LQOLIRLGBULYKD-JKIFEVAISA-N"
"CHEMBL564085";"TROLEANDOMYCIN";"ACETYLOLEANDOMYCIN|NSC-108166|OLEANDOMYCIN (AS TROLEANDOMYCIN)|OLEANDOMYCIN TRIACETATE ESTER|TRIACETYLOLEANDOMYCIN|TROLEANDOMYCIN";"Small molecule";"4";"813.98";"19";"59";"3.62";"184.19";"16";"0";"2";"9";"N";"0.19";"None";"7.87";"4.30";"3.70";"0";"MOL";"0";"57";"16";"0";"2";"813.4511";"NEUTRAL";"C41H67NO15";"CO[C@H]1C[C@H](O[C@@H]2[C@@H](C)C(=O)O[C@H](C)[C@H](C)[C@H](OC(C)=O)[C@@H](C)C(=O)[C@]3(CO3)C[C@H](C)[C@H](O[C@@H]3O[C@H](C)C[C@H](N(C)C)[C@H]3OC(C)=O)[C@H]2C)O[C@@H](C)[C@@H]1OC(C)=O";"LQCLVBQBTUVCEQ-QTFUVMRISA-N"
"CHEMBL2106071";"CLOMOCYCLINE";"CHLORMETHYLENCYCLINE|CLOMOCYCLINE";"Small molecule";"0";"508.91";"";"";"0.02";"187.86";"10";"7";"2";"3";"N";"0.22";"2.61";"8.55";"-3.24";"-3.68";"1";"MOL";"0";"35";"11";"7";"3";"508.1249";"ZWITTERION";"C23H25ClN2O9";"CN(C)[C@@H]1C(O)=C(C(=O)NCO)C(=O)[C@@]2(O)C(O)=C3C(=O)c4c(O)ccc(Cl)c4[C@@](C)(O)[C@H]3C[C@@H]12";"GJGDLRSSCNAKGL-KMVLDZISSA-N"
"CHEMBL1908372";"CEFBUPERAZONE";"BMY-25182|CEFBUPERAZONE|CEFBUPERAZONE SODIUM|T-1982";"Small molecule";"0";"627.66";"5";"24";"-2.84";"229.49";"14";"4";"2";"10";"N";"0.09";"3.17";"None";"-1.99";"-5.44";"1";"MOL";"0";"42";"18";"4";"2";"627.1530";"ACID";"C22H29N9O9S2";"CCN1CCN(C(=O)N[C@@H](C(=O)N[C@]2(OC)C(=O)N3C(C(=O)O)=C(CSc4nnnn4C)CS[C@@H]32)[C@H](C)O)C(=O)C1=O";"SMSRCGPDNDCXFR-CYWZMYCQSA-N"
"CHEMBL3833378";"PENIMEPICYCLINE";"CRISEOCIL|GEOTRICYN|MEPICYCLINE PENICILLINATE|PENETRACYNE|PENIMEPICYCLINE";"Small molecule";"0";"937.04";"";"";"None";"None";"None";"None";"None";"None";"None";"None";"None";"None";"None";"None";"None";"MOL";"0";"None";"None";"None";"None";"936.3575";"None";"C45H56N6O14S";"CC1(C)S[C@@H]2[C@H](NC(=O)COc3ccccc3)C(=O)N2[C@H]1C(=O)O.CN(C)[C@@H]1C(O)=C(C(=O)NCN2CCN(CCO)CC2)C(=O)[C@@]2(O)C(O)=C3C(=O)c4c(O)cccc4[C@@](C)(O)[C@H]3C[C@@H]12";"MEGKRPMNPGTIIG-VNYBMUHKSA-N"
"CHEMBL22";"TRIMETHOPRIM";"BW 56-72|BW-56-72|INFECTOTRIMET|IPRAL|LEDATRIM|MONOTRIM|NIH-204|NSC-106568|Polytrim|Primsol|Proloprim|Proloprin|SYRAPRIM|TCMDC-125538|TIEMPE|TRIMETHOPRIM|TRIMETHOPRIMUM|TRIMOGAL|TRIMOPAN|TRIMPEX 200|TRIPRIMIX 200|Trimpex|WELLCOPRIM";"Small molecule";"4";"290.32";"240";"1929";"1.26";"105.51";"7";"2";"0";"5";"N";"0.85";"None";"7.16";"1.28";"1.10";"2";"MOL";"0";"21";"7";"4";"0";"290.1379";"NEUTRAL";"C14H18N4O3";"COc1cc(Cc2cnc(N)nc2N)cc(OC)c1OC";"IEDVJHCEMCRBQM-UHFFFAOYSA-N"
"CHEMBL1146";"CEFAMANDOLE";"CEFAMANDOLE|CEPHAMANDOLE|COMPOUND 83405|COMPOUND-83405|J01DC03";"Small molecule";"4";"462.51";"50";"190";"-0.23";"150.54";"10";"3";"0";"7";"N";"0.37";"3.13";"None";"0.03";"-3.43";"2";"MOL";"0";"31";"11";"3";"1";"462.0780";"ACID";"C18H18N6O5S2";"Cn1nnnc1SCC1=C(C(=O)O)N2C(=O)[C@@H](NC(=O)[C@H](O)c3ccccc3)[C@H]2SC1";"OLVCFLKTBJRLHI-AXAPSJFSSA-N"
"CHEMBL491571";"DORIPENEM";"DORIBAX|DORIPENEM|Finibax|S-4661";"Small molecule";"4";"420.51";"142";"1977";"-1.60";"162.06";"7";"5";"0";"7";"N";"0.31";"3.34";"9.51";"-5.56";"-5.57";"0";"MOL";"0";"27";"10";"6";"1";"420.1137";"ZWITTERION";"C15H24N4O6S2";"C[C@@H](O)[C@H]1C(=O)N2C(C(=O)O)=C(S[C@@H]3CN[C@H](CNS(N)(=O)=O)C3)[C@H](C)[C@H]12";"AVAACINZEOAHHE-VFZPANTDSA-N"
"CHEMBL387675";"DAPTOMYCIN";"CIDECIN|CUBICIN RF|Cubicin|DAPCIN|DAPTOMYCIN|LY 146032|LY-146032|LY-164032";"Protein";"4";"1620.69";"122";"2680";"None";"None";"None";"None";"None";"None";"None";"None";"None";"None";"None";"None";"None";"MOL";"0";"None";"None";"None";"None";"1619.7104";"None";"C72H101N17O26";"CCCCCCCCCC(=O)N[C@@H](Cc1c[nH]c2ccccc12)C(=O)N[C@@H](CC(N)=O)C(=O)N[C@@H](CC(=O)O)C(=O)N[C@@H]1C(=O)NCC(=O)N[C@@H](CCCN)C(=O)N[C@@H](CC(=O)O)C(=O)N[C@H](C)C(=O)N[C@@H](CC(=O)O)C(=O)NCC(=O)N[C@H](CO)C(=O)N[C@@H]([C@H](C)CC(=O)O)C(=O)N[C@@H](CC(=O)c2ccccc2N)C(=O)O[C@@H]1C";"DOAKLVKFURWEDJ-RWDRXURGSA-N"
"CHEMBL33";"LEVOFLOXACIN";"CRAVIT|DR-3355|EVOXIL|Floxacin|IQUIX|L-OFLOXACIN|LEVOFLOXACIN|LEVOFLOXACIN (AS HEMIHYDRATE)|LEVOFLOXACIN ANHYDROUS|LEVOFLOXACIN HEMIHYDRATE|LEVOFLOXACIN HYDRATE|Levaquin|NOFAXIN|NSC-758709|OFLOXACIN S-(-)-FORM|OFLOXACIN S-(-)-FORM HEMIHYDRATE|OFLOXACIN, (S)-|OFTAQUIX|QUINSAIR|Quixin|RWJ-25213|TAVANIC|VOLEQUIN";"Small molecule";"4";"361.37";"371";"7708";"1.54";"75.01";"6";"1";"0";"2";"N";"0.87";"5.29";"6.16";"0.51";"-0.47";"2";"MOL";"0";"26";"7";"1";"0";"361.1438";"ACID";"C18H20FN3O4";"C[C@H]1COc2c(N3CCN(C)CC3)c(F)cc3c(=O)c(C(=O)O)cn1c23";"GSDSWSVVBLHKDQ-JTQLQIEISA-N"
"CHEMBL32";"MOXIFLOXACIN";"AVELOX|AVELOX I.V.|AVELOX IV|Avelox|MOXIFLOXACIN|Moxifloxacin|Vigamox|ZIMOXIN";"Small molecule";"4";"401.44";"201";"4207";"2.37";"83.80";"6";"2";"0";"4";"N";"0.82";"5.49";"9.42";"-0.50";"-0.50";"2";"MOL";"0";"29";"7";"2";"0";"401.1751";"ZWITTERION";"C21H24FN3O4";"COc1c(N2C[C@@H]3CCCN[C@@H]3C2)c(F)cc2c(=O)c(C(=O)O)cn(C3CC3)c12";"FABPRXSRWADJSP-MEDUHNTESA-N"
"CHEMBL1200610";"LORACARBEF";"LORACARBEF|LORACARBEF MONOHYDRATE|LY-163892 MONOHYDRATE|LY163892 MONOHYDRATE|Lorabid";"Small molecule";"4";"367.79";"";"";"0.71";"112.73";"4";"3";"0";"4";"N";"0.69";"2.93";"7.23";"-2.40";"-2.76";"1";"MOL";"0";"24";"7";"4";"0";"349.0829";"ACID";"C16H18ClN3O5";"N[C@@H](C(=O)N[C@@H]1C(=O)N2C(C(=O)O)=C(Cl)CC[C@H]12)c1ccccc1.O";"GPYKKBAAPVOCIW-HSASPSRMSA-N"
"CHEMBL1276342";"CEFMINOX";"CEFMINOX|CEFMINOX SODIUM";"Small molecule";"0";"519.59";"7";"29";"-1.84";"202.86";"13";"4";"2";"11";"N";"0.14";"1.55";"8.82";"-3.63";"-6.96";"1";"MOL";"0";"33";"14";"5";"2";"519.0665";"ZWITTERION";"C16H21N7O7S3";"CO[C@@]1(NC(=O)CSC[C@@H](N)C(=O)O)C(=O)N2C(C(=O)O)=C(CSc3nnnn3C)CS[C@@H]21";"JSDXOWVAHXDYCU-VXSYNFHWSA-N"
"CHEMBL1908350";"ROKITAMYCIN";"3''-PROPIONYLLEUCOMYCIN A5|RICAMYCIN|ROKITAMYCIN|TMS 19Q|TMS-19Q";"Small molecule";"0";"828.01";"8";"44";"3.16";"206.05";"16";"3";"2";"13";"N";"0.14";"12.71";"7.90";"3.63";"3.01";"0";"MOL";"0";"58";"16";"3";"2";"827.4667";"NEUTRAL";"C42H69NO15";"CCCC(=O)O[C@H]1[C@H](C)O[C@@H](O[C@@H]2[C@@H](C)O[C@@H](O[C@@H]3[C@@H](OC)[C@H](O)CC(=O)O[C@H](C)C/C=C/C=C/[C@H](O)[C@H](C)C[C@@H]3CC=O)[C@H](O)[C@H]2N(C)C)C[C@@]1(C)OC(=O)CC";"VYWWNRMSAPEJLS-MDWYKHENSA-N"
"CHEMBL3291398";"LEFAMULIN";"BC-3781|LEFAMULIN";"Small molecule";"4";"507.74";"10";"28";"3.87";"109.85";"7";"3";"1";"5";"N";"0.38";"None";"10.08";"2.90";"0.38";"0";"MOL";"0";"35";"6";"4";"1";"507.3018";"BASE";"C28H45NO5S";"C=C[C@]1(C)C[C@@H](OC(=O)CS[C@@H]2CC[C@@H](N)C[C@H]2O)[C@]2(C)[C@H](C)CC[C@]3(CCC(=O)[C@H]32)[C@@H](C)[C@@H]1O";"KPVIXBKIJXZQJX-FCEONZPQSA-N"
"CHEMBL1200359";"SULFAMETER";"AHR-857|BAY-5400|Bayrena|NSC-683528|NSC-757874|SH-613|SULFAMETER|SULFAMETHOXYDIAZINE|SULFAMETHOXYPYRIMIDINE|SULFAMETIN|SULFAMETOXYDIAZINE|SULPHAMETHOXYDIAZINE|Sulfametin|Sulfametoxydiazine|Sulla|Sulphamethoxydiazine|ULTRAX|Ultrax";"Small molecule";"4";"280.31";"18";"51";"0.87";"107.20";"6";"2";"0";"4";"N";"0.80";"7.06";"1.98";"0.23";"-0.18";"2";"MOL";"0";"19";"7";"3";"0";"280.0630";"NEUTRAL";"C11H12N4O3S";"COc1cnc(NS(=O)(=O)c2ccc(N)cc2)nc1";"GPTONYMQFTZPKC-UHFFFAOYSA-N"
"CHEMBL575";"METHICILLIN";"2,6-DIMETHOXYPHENYL PENICILLIN|METHICILLIN|METICILLIN|Methicillin|Staphcillin";"Small molecule";"4";"380.42";"35";"448";"0.95";"105.17";"6";"2";"0";"5";"N";"0.73";"2.96";"None";"0.79";"-2.69";"1";"MOL";"0";"26";"8";"2";"0";"380.1042";"ACID";"C17H20N2O6S";"COc1cccc(OC)c1C(=O)N[C@@H]1C(=O)N2[C@@H](C(=O)O)C(C)(C)S[C@H]12";"RJQXTJLFIWVMTO-TYNCELHUSA-N"
"CHEMBL2106548";"CLOMETOCILLIN";"CLOMETOCILLIN";"Small molecule";"0";"433.31";"";"";"2.31";"95.94";"5";"2";"0";"5";"N";"0.69";"3.26";"None";"2.22";"-1.22";"1";"MOL";"0";"27";"7";"2";"0";"432.0313";"ACID";"C17H18Cl2N2O5S";"COC(C(=O)N[C@@H]1C(=O)N2[C@@H](C(=O)O)C(C)(C)S[C@H]12)c1ccc(Cl)c(Cl)c1";"JKXQBIZCQJLVOS-GSNLGQFWSA-N"
"CHEMBL426926";"ARBEKACIN";"ARBEKACIN|ARBEKACIN SULFATE|ME-1100|ME1100";"Small molecule";"0";"552.63";"17";"113";"-6.40";"297.27";"15";"11";"3";"10";"N";"0.12";"12.38";"9.91";"-6.85";"-15.61";"0";"MOL";"0";"38";"16";"16";"3";"552.3119";"BASE";"C22H44N6O10";"NCC[C@H](O)C(=O)N[C@@H]1C[C@H](N)[C@@H](O[C@H]2O[C@H](CN)CC[C@H]2N)[C@H](O)[C@H]1O[C@H]1O[C@H](CO)[C@@H](O)[C@H](N)[C@H]1O";"MKKYBZZTJQGVCD-XTCKQBCOSA-N"
"CHEMBL1697829";"CEFTEZOLE";"CEFTEZOLE|CEFTEZOLE SODIUM|J01DB12";"Small molecule";"0";"440.49";"2";"2";"-0.94";"156.09";"12";"2";"1";"7";"N";"0.40";"2.69";"None";"-1.64";"-5.14";"2";"MOL";"0";"28";"12";"2";"1";"440.0144";"ACID";"C13H12N8O4S3";"O=C(Cn1cnnn1)N[C@@H]1C(=O)N2C(C(=O)O)=C(CSc3nncs3)CS[C@H]12";"DZMVCVMFETWNIU-LDYMZIIASA-N"
"CHEMBL3351077";"CEFSULODIN";"CEFSULODIN|J01DD03";"Small molecule";"4";"532.56";"39";"79";"-0.90";"190.88";"8";"3";"1";"8";"N";"0.22";"-1.37";"None";"-5.83";"-7.46";"2";"MOL";"0";"36";"12";"4";"2";"532.0723";"ACID";"C22H20N4O8S2";"NC(=O)c1cc[n+](CC2=C(C(=O)O)N3C(=O)[C@@H](NC(=O)[C@@H](c4ccccc4)S(=O)(=O)[O-])[C@H]3SC2)cc1";"SYLKGLMBLAAGSC-QLVMHMETSA-N"
"CHEMBL1256734";"SULBENICILLIN";".ALPHA.-SULFOBENZYLPENICILLIN|D-(-)-SULBENICILLIN|SULBENICILLIN|SULBENICILLIN SODIUM|SULFOBENZYLPENICILLIN";"Small molecule";"0";"414.46";"6";"47";"0.25";"141.08";"6";"3";"0";"5";"N";"0.46";"-1.09";"None";"0.38";"-5.45";"1";"MOL";"0";"27";"9";"3";"0";"414.0555";"ACID";"C16H18N2O7S2";"CC1(C)S[C@@H]2[C@H](NC(=O)C(c3ccccc3)S(=O)(=O)O)C(=O)N2[C@H]1C(=O)O";"JETQIUPBHQNHNZ-OAYJICASSA-N"
"CHEMBL311350";"PIROMIDIC ACID";"NSC-291120|PANACID|PD-93|PIROMIDATE|PIROMIDIC ACID|Piromidic acid";"Small molecule";"0";"288.31";"118";"303";"1.11";"88.32";"6";"1";"0";"3";"N";"0.91";"5.44";"4.01";"1.41";"-0.38";"2";"MOL";"0";"21";"7";"1";"0";"288.1222";"ACID";"C14H16N4O3";"CCn1cc(C(=O)O)c(=O)c2cnc(N3CCCC3)nc21";"RCIMBBZXSXFZBV-UHFFFAOYSA-N"
"CHEMBL826";"ENOXACIN";"AT-2266|CI-919|COMPRECIN|ENOXACIN|Flumark|NSC-629661|NSC-758416|PD 107779|PD-107779|Penetrex";"Small molecule";"4";"320.32";"234";"1177";"0.66";"87.46";"6";"2";"0";"3";"N";"0.86";"5.31";"8.59";"-1.01";"-1.02";"2";"MOL";"0";"23";"7";"2";"0";"320.1285";"ZWITTERION";"C15H17FN4O3";"CCn1cc(C(=O)O)c(=O)c2cc(F)c(N3CCNCC3)nc21";"IDYZIJYBMGIQMJ-UHFFFAOYSA-N"
"CHEMBL222645";"FLOXACILLIN";"ABBOFLOX|BRL 2039|BRL-2039|CULPEN|FLOXACILLIN|FLOXACILLIN SODIUM|FLOXACILLIN SODIUM ANHYDROUS|FLUCLOMIX-250|FLUCLOMIX-500|FLUCLOXACILLIN|FLUCLOXACILLIN SODIUM|FLUCLOXACILLIN SODIUM ANHYDROUS|FLUCLOXIN|Floxapen|GALFLOXIN|LADROPEN|NSC-277175|RIMAFLOX|STAFOXIL|STAPHLIPEN|STAPHYLEX|ZOXIN 250|ZOXIN 500";"Small molecule";"4";"453.88";"18";"79";"2.69";"112.74";"6";"2";"0";"4";"N";"0.68";"3.75";"None";"2.44";"-0.84";"2";"MOL";"0";"30";"8";"2";"0";"453.0561";"ACID";"C19H17ClFN3O5S";"Cc1onc(-c2c(F)cccc2Cl)c1C(=O)N[C@@H]1C(=O)N2[C@@H](C(=O)O)C(C)(C)S[C@H]12";"UIOFUWFRIANQPC-JKIFEVAISA-N"
"CHEMBL850";"SPARFLOXACIN";"AT-4140|CI-978|NSC-759641|SPARFLOXACIN|Spara|Zagam";"Small molecule";"4";"392.41";"192";"1395";"2.08";"100.59";"6";"3";"0";"3";"N";"0.69";"5.56";"8.79";"-0.07";"-0.07";"2";"MOL";"0";"28";"7";"4";"0";"392.1660";"ZWITTERION";"C19H22F2N4O3";"C[C@H]1CN(c2c(F)c(N)c3c(=O)c(C(=O)O)cn(C4CC4)c3c2F)C[C@@H](C)N1";"DZZWHBIBMUVIIW-DTORHVGOSA-N"
"CHEMBL507870";"TELAVANCIN";"TELAVANCIN|TELEVANCIN";"Small molecule";"4";"1755.66";"85";"1186";"None";"None";"None";"None";"None";"None";"None";"None";"None";"None";"None";"None";"None";"MOL";"0";"None";"None";"None";"None";"1753.6374";"None";"C80H106Cl2N11O27P";"CCCCCCCCCCNCCN[C@@]1(C)C[C@H](O[C@H]2[C@H](Oc3c4cc5cc3Oc3ccc(cc3Cl)[C@@H](O)[C@@H](NC(=O)[C@@H](CC(C)C)NC)C(=O)N[C@@H](CC(N)=O)C(=O)N[C@H]5C(=O)N[C@H]3C(=O)N[C@H](C(=O)N[C@H](C(=O)O)c5cc(O)c(CNCP(=O)(O)O)c(O)c5-c5cc3ccc5O)[C@H](O)c3ccc(c(Cl)c3)O4)O[C@H](CO)[C@@H](O)[C@@H]2O)O[C@@H](C)[C@H]1O";"ONUMZHGUFYIKPM-MXNFEBESSA-N"
"CHEMBL2105637";"DELAFLOXACIN";"ABT-492|DELAFLOXACIN|RX-3341|WQ-3034";"Small molecule";"4";"440.77";"15";"24";"1.92";"121.68";"7";"3";"0";"3";"N";"0.57";"5.43";"None";"2.56";"0.59";"3";"MOL";"0";"30";"8";"4";"0";"440.0499";"ACID";"C18H12ClF3N4O4";"Nc1nc(-n2cc(C(=O)O)c(=O)c3cc(F)c(N4CC(O)C4)c(Cl)c32)c(F)cc1F";"DYDCPNMLZGFQTM-UHFFFAOYSA-N"
"CHEMBL1201018";"CEFACLOR";"BACTICLOR MR|CECLOR CD|CEFACLOR|CEFACLOR MONOHYDRATE|COMPOUND 99638|COMPOUND-99638|Ceclor|DISTACLOR|DISTACLOR MR|J01DC04|KEFTID|NSC-757422|Raniclor";"Small molecule";"4";"385.83";"17";"32";"0.62";"112.73";"5";"3";"0";"4";"N";"0.67";"2.83";"7.23";"-2.31";"-2.66";"1";"MOL";"0";"24";"7";"4";"0";"367.0394";"ACID";"C15H16ClN3O5S";"N[C@@H](C(=O)N[C@@H]1C(=O)N2C(C(=O)O)=C(Cl)CS[C@H]12)c1ccccc1.O";"WKJGTOYAEQDNIA-IOOZKYRYSA-N"
"CHEMBL2103929";"LYMECYCLINE";"CICLOLYSAL|CICLOLYSINE|LYMECYCLINE|MUCOMYCIN|TETRACYCLINE-L-METHYLENELYSINE|TETRACYCLINEMETHYLENELYSINE|TETRALYSAL|TETRALYSAL 150|TETRALYSAL 300";"Small molecule";"4";"602.64";"2";"19";"-0.45";"242.98";"12";"9";"3";"10";"N";"0.09";"2.11";"9.56";"-6.60";"-6.63";"1";"MOL";"0";"43";"14";"10";"3";"602.2588";"ZWITTERION";"C29H38N4O10";"CN(C)[C@@H]1C(O)=C(C(=O)NCNCCCC[C@H](N)C(=O)O)C(=O)[C@@]2(O)C(O)=C3C(=O)c4c(O)cccc4[C@@](C)(O)[C@H]3C[C@@H]12";"AHEVKYYGXVEWNO-UEPZRUIBSA-N"
"CHEMBL529";"AZITHROMYCIN";"ANHYDROUS AZITHROMYCIN|ARUZILINA|AZIROMYCIN|AZITHROCIN|AZITHROMYCIN|AZITHROMYCIN (AS DIHYDRATE)|AZITHROMYCIN ANHYDROUS|AZITHROMYCIN DIHYDRATE|AZITHROMYCIN HYDRATE|AZITHROMYCIN, UNSPECIFIED|AZITHROMYCIN, UNSPECIFIED FORM|AZIWIN|AZYTER|Azasite|CLAMELLE|CP 62993|CP-62,993|CP-62993|DURASITE|HEMOMYCIN|MACROZIT|NSC-758625|SUMAMED|Sumamed|Sunamed|TROZOCINA|XITHRONE|XZ 405|XZ 450|XZ-450|ZITHROMAC|ZMax|ZYTHROMAX|Zithromax";"Small molecule";"4";"749.00";"251";"3418";"1.90";"180.08";"14";"5";"2";"7";"N";"0.24";"12.43";"9.57";"2.44";"-1.23";"0";"MOL";"0";"52";"14";"5";"2";"748.5085";"BASE";"C38H72N2O12";"CC[C@H]1OC(=O)[C@H](C)[C@@H](O[C@H]2C[C@@](C)(OC)[C@@H](O)[C@H](C)O2)[C@H](C)[C@@H](O[C@@H]2O[C@H](C)C[C@H](N(C)C)[C@H]2O)[C@](C)(O)C[C@@H](C)CN(C)[C@H](C)[C@@H](O)[C@]1(C)O";"MQTOSJVFKKJCRP-BICOPXKESA-N"
"CHEMBL404520";"CHLORTETRACYCLINE";"CHLOROTETRACYCLINE|CHLORTETRACYCLINE|Chlortetracycline|E702";"Small molecule";"4";"478.89";"124";"864";"0.44";"181.62";"9";"6";"1";"2";"N";"0.33";"2.64";"8.55";"-2.89";"-3.33";"1";"MOL";"0";"33";"10";"7";"1";"478.1143";"ZWITTERION";"C22H23ClN2O8";"CN(C)[C@@H]1C(O)=C(C(N)=O)C(=O)[C@@]2(O)C(O)=C3C(=O)c4c(O)ccc(Cl)c4[C@@](C)(O)[C@H]3C[C@@H]12";"CYDMQBQPVICBEU-XRNKAMNCSA-N"
"CHEMBL177";"AMIKACIN";"AMIKACIN|AMIKACINUM|Amikacin|Amikin|BAY 41-6551|LUKADIN|NSC-177001|POTENTOX";"Small molecule";"4";"585.61";"217";"3294";"-8.42";"331.94";"17";"13";"3";"10";"N";"0.11";"12.16";"9.61";"-8.58";"-15.10";"0";"MOL";"0";"40";"18";"17";"3";"585.2857";"BASE";"C22H43N5O13";"NCC[C@H](O)C(=O)N[C@@H]1C[C@H](N)[C@@H](O[C@H]2O[C@H](CN)[C@@H](O)[C@H](O)[C@H]2O)[C@H](O)[C@H]1O[C@H]1O[C@H](CO)[C@@H](O)[C@H](N)[C@H]1O";"LKCWBDHBTVXHDL-RMDFUYIESA-N"
"CHEMBL221886";"SISOMICIN";"RICKAMICIN|SCH 13475|SISOMICIN|SISSOMICIN";"Small molecule";"3";"447.53";"135";"726";"-3.85";"213.72";"12";"8";"2";"6";"N";"0.20";"12.55";"9.59";"-4.32";"-11.46";"0";"MOL";"0";"31";"12";"12";"2";"447.2693";"BASE";"C19H37N5O7";"CN[C@@H]1[C@@H](O)[C@@H](O[C@@H]2[C@@H](O)[C@H](O[C@H]3OC(CN)=CC[C@H]3N)[C@@H](N)C[C@H]2N)OC[C@]1(C)O";"URWAJWIAIPFPJE-YFMIWBNJSA-N"
"CHEMBL1753";"CLINDAMYCIN";"7(S)-CHLORO-7-DEOXYLINCOMYCIN|Antirobe|CHLORODEOXYLINCOMYCIN|CHLOROLINCOMYCIN|CLINDAMYCIN|Cleocin|Cleocin T|Clindamycin|Sobelin|U-21,251|U-21251";"Small molecule";"4";"424.99";"283";"3605";"0.39";"102.26";"7";"4";"0";"7";"N";"0.44";"12.41";"7.55";"1.04";"0.65";"0";"MOL";"0";"27";"7";"4";"0";"424.1799";"NEUTRAL";"C18H33ClN2O5S";"CCC[C@@H]1C[C@@H](C(=O)N[C@H]([C@H](C)Cl)[C@H]2O[C@H](SC)[C@H](O)[C@@H](O)[C@H]2O)N(C)C1";"KDLRVYVGXIQJDK-AWPVFWJPSA-N"
"CHEMBL561";"LOMEFLOXACIN";"LOMEFLOXACIN|Lomefloxacin|Maxaquin|OKACYN|SC-47111A";"Small molecule";"4";"351.35";"175";"934";"1.80";"74.57";"5";"2";"0";"3";"N";"0.88";"5.45";"8.70";"-0.42";"-0.42";"2";"MOL";"0";"25";"6";"2";"0";"351.1394";"ZWITTERION";"C17H19F2N3O3";"CCn1cc(C(=O)O)c(=O)c2cc(F)c(N3CCNC(C)C3)c(F)c21";"ZEKZLJVOYLTDKK-UHFFFAOYSA-N"
"CHEMBL9";"NORFLOXACIN";"Baccidal|CHIBROXIN|MK-366|NORFLOXACIN|NSC-757250|Noroxin|Quinabic|UTINOR";"Small molecule";"4";"319.34";"325";"4394";"1.27";"74.57";"5";"2";"0";"3";"N";"0.89";"5.58";"8.68";"-0.96";"-0.96";"2";"MOL";"0";"23";"6";"2";"0";"319.1332";"ZWITTERION";"C16H18FN3O3";"CCn1cc(C(=O)O)c(=O)c2cc(F)c(N3CCNCC3)cc21";"OGJPXUAPXNRGGI-UHFFFAOYSA-N"
"CHEMBL501122";"CEFTAROLINE FOSAMIL";"CEFTAROLINE FOSAMIL|CEFTAROLINE FOSAMIL ANHYDROUS|PPI-0903|TAK 599|TAK-599";"Small molecule";"4";"684.70";"106";"957";"-0.11";"223.24";"14";"4";"2";"11";"N";"0.07";"1.76";"0.35";"-3.71";"-6.83";"3";"MOL";"0";"43";"16";"4";"2";"684.0103";"ACID";"C22H21N8O8PS4";"CCO/N=C(\C(=O)N[C@@H]1C(=O)N2C(C(=O)[O-])=C(Sc3nc(-c4cc[n+](C)cc4)cs3)CS[C@H]12)c1nsc(NP(=O)(O)O)n1";"ZCCUWMICIWSJIX-NQJJCJBVSA-N"
"CHEMBL2105499";"SULFAPERIN";"BT-325|ISOSULFAMERAZINE|SULFAPERIN";"Small molecule";"0";"264.31";"1";"2";"1.17";"97.97";"5";"2";"0";"3";"N";"0.81";"7.03";"2.02";"0.90";"0.48";"2";"MOL";"0";"18";"6";"3";"0";"264.0681";"NEUTRAL";"C11H12N4O2S";"Cc1cnc(NS(=O)(=O)c2ccc(N)cc2)nc1";"DZQVFHSCSRACSX-UHFFFAOYSA-N"
"CHEMBL1201116";"HETACILLIN";"BL-P 804|BL-P-804|BLP-804|BRL-804|HETACILLIN|HETACILLIN ACID|Hetacin|Natacillin|Versapen";"Small molecule";"4";"389.48";"9";"29";"1.41";"89.95";"5";"2";"0";"3";"N";"0.76";"3.33";"4.79";"0.06";"-1.99";"1";"MOL";"0";"27";"7";"2";"0";"389.1409";"ACID";"C19H23N3O4S";"CC1(C)S[C@@H]2[C@H](N3C(=O)[C@@H](c4ccccc4)NC3(C)C)C(=O)N2[C@H]1C(=O)O";"DXVUYOAEDJXBPY-NFFDBFGFSA-N"
"CHEMBL1257051";"TEDIZOLID";"SIVEXTRO|TEDIZOLID|TOREZOLID|TR-700|Torezolid";"Small molecule";"4";"370.34";"33";"338";"1.40";"106.26";"8";"1";"0";"4";"N";"0.74";"None";"None";"2.12";"2.12";"3";"MOL";"0";"27";"9";"1";"0";"370.1190";"NEUTRAL";"C17H15FN6O3";"Cn1nnc(-c2ccc(-c3ccc(N4C[C@H](CO)OC4=O)cc3F)cn2)n1";"XFALPSLJIHVRKE-GFCCVEGCSA-N"
"CHEMBL21";"SULFANILAMIDE";"ANILINE-P-SULFONIC AMIDE|NSC-7618|P-AMINOBENZENESULFAMIDE|P-AMINOBENZENESULFONAMIDE|PRONTOSIL I|PRONTYLIN|STREPTOCID|SULFAMINE|SULFANILAMIDE|SULFONAMIDE|SULPHANILAMIDUM|Sulfanilamide";"Small molecule";"4";"172.21";"184";"1288";"-0.08";"86.18";"3";"2";"0";"1";"N";"0.58";"10.99";"2.27";"-0.25";"-0.25";"1";"MOL";"0";"11";"4";"4";"0";"172.0306";"NEUTRAL";"C6H8N2O2S";"Nc1ccc(S(N)(=O)=O)cc1";"FDDDEECHVMSUSB-UHFFFAOYSA-N"
"CHEMBL528";"CEFTIZOXIME";"CEFTIZOXIME|Cefizox|Ceftizoxime|FK-749";"Small molecule";"4";"383.41";"26";"192";"-0.56";"147.21";"9";"3";"0";"5";"N";"0.35";"2.66";"3.60";"-0.94";"-3.61";"1";"MOL";"0";"25";"10";"4";"0";"383.0358";"ACID";"C13H13N5O5S2";"CO/N=C(\C(=O)N[C@@H]1C(=O)N2C(C(=O)O)=CCS[C@H]12)c1csc(N)n1";"NNULBSISHYWZJU-LLKWHZGFSA-N"
"CHEMBL2110602";"CEPHACETRILE";"CEFACETRILE|VETRIMAST";"Small molecule";"0";"339.33";"10";"28";"-0.80";"136.80";"7";"2";"0";"5";"N";"0.49";"3.11";"None";"-1.78";"-5.25";"0";"MOL";"0";"23";"9";"2";"0";"339.0525";"ACID";"C13H13N3O6S";"CC(=O)OCC1=C(C(=O)O)N2C(=O)[C@@H](NC(=O)CC#N)[C@H]2SC1";"RRYMAQUWDLIUPV-BXKDBHETSA-N"
"CHEMBL1167";"SPECTINOMYCIN";"ACTINOSPECTACIN|ADSPEC|CHX-3101|PROSPEC|SPECTINOMYCIN|Spectinomycin|Trobicin";"Small molecule";"4";"332.35";"141";"539";"-2.93";"129.51";"9";"5";"0";"2";"N";"0.36";"8.66";"9.17";"-2.20";"-3.09";"0";"MOL";"0";"23";"9";"5";"0";"332.1584";"BASE";"C14H24N2O7";"CN[C@H]1[C@@H](O)[C@@H](NC)[C@H](O)[C@H]2O[C@@H]3O[C@H](C)CC(=O)[C@]3(O)O[C@H]12";"UNFWWIHTNXNPBV-WXKVUWSESA-N"
"CHEMBL3989515";"PENICILLIN G BENZATHINE";"BENZACILLIN|BENZAPEN|BENZATHIN PENICILLIN G|BENZATHINE BENZYLPENICILLIN|BENZATHINE PENICILLIN|BENZATHINI BENZYLPENICILLINUM|BENZETHACIL|BENZILPENICILLINA BENZATINICA|BENZYLPENICILLIN BENZATHINE|BENZYLPENICILLIN BENZATHINE HYDRATE|BICA-PENICILLIN|BICILLIN L-A|BICILLIN L-A TUBEX|Bicillin|CILLENTA|DEBECILLIN|DUROPENIN|EXTENCILLINE|LENTOCILLIN|LEOMYPEN|LONGACILINA|LONGICIL|MOLDAMIN|NEOLIN|PEN-DI-BEN|PENADUR|PENADUR 6-3-3|PENDEPON|PENDITAN|PENICILLIN G BENZATHINE|PENIDURAL|PENIDURAL LA|PENIDURE|Permapen|RETARPEN|VICIN|WYCILLINA";"Small molecule";"4";"981.20";"";"";"0.86";"86.71";"4";"2";"0";"4";"N";"0.80";"3.53";"None";"1.08";"-2.29";"1";"MOL";"0";"23";"6";"2";"0";"334.0987";"ACID";"C48H64N6O12S2";"CC1(C)S[C@@H]2[C@H](NC(=O)Cc3ccccc3)C(=O)N2[C@H]1C(=O)O.CC1(C)S[C@@H]2[C@H](NC(=O)Cc3ccccc3)C(=O)N2[C@H]1C(=O)O.O.O.O.O.c1ccc(CNCCNCc2ccccc2)cc1";"WIDKTXGNSOORHA-CJHXQPGBSA-N"
"CHEMBL29";"BENZYLPENICILLIN";"BENZYL PENICILLIN|BENZYLPENICILLIN|BENZYLPENICILLIN |Benzylpenicillin|Bicillin|CRYSTAPEN G|J01CE01|NSC-193396|PENICILLIN G|Penicillin G|Penicillin-2|Permapen|Pfizerpen-AS";"Small molecule";"4";"334.40";"351";"3837";"0.86";"86.71";"4";"2";"0";"4";"N";"0.80";"3.53";"None";"1.08";"-2.29";"1";"MOL";"0";"23";"6";"2";"0";"334.0987";"ACID";"C16H18N2O4S";"CC1(C)S[C@@H]2[C@H](NC(=O)Cc3ccccc3)C(=O)N2[C@H]1C(=O)O";"JGSARLDLIJGVTE-MBNYWOFBSA-N"
"CHEMBL8";"CIPROFLOXACIN";"BAY O 9867 FREE BASE|BAY Q 3939|BAY-O-9867 FREE BASE|BAY-Q-3939|BAYQ3939|CETRAXAL|CIPROFLOXACIN|CIPROFLOXACINUM|Ciloxan|Cipro|Ciprobay|NSC-758467|OTIPRIO|Velmonit";"Small molecule";"4";"331.35";"490";"17780";"1.58";"74.57";"5";"2";"0";"3";"N";"0.89";"5.56";"8.68";"-0.85";"-0.85";"2";"MOL";"0";"24";"6";"2";"0";"331.1332";"ZWITTERION";"C17H18FN3O3";"O=C(O)c1cn(C2CC2)c2cc(N3CCNCC3)c(F)cc2c1=O";"MYSWGUAQZAJSOK-UHFFFAOYSA-N"
"CHEMBL1082";"AMOXICILLIN";"AMIX 125|AMIX 250|AMIX 500|AMOPEN|AMORAM|AMOXICILLIN|AMOXICILLIN (ANHYDROUS)|AMOXICILLIN (AS TRIHYDRATE)|AMOXICILLIN ANHYDROUS|AMOXICILLIN HYDRATE|AMOXICILLIN PEDIATRIC|AMOXICILLIN TRIHYDRATE|AMOXICILLINE|AMOXICILLINUM TRIHYDRICUM|AMOXIDENT 250|AMOXIDENT 500|AMOXIL FIZTAB|AMOXIL SF|AMOXYCILLIN|AMOXYKE|AMOXYMED|AMRIT|ATOKSILIN|Amoxi-Inject|Amoxi-Tabs|Amoxicilline|Amoxil|Amoxycillin|Aquacil|BRL 2333|BRL-2333|Biomox|DAMOXY|DEDOXIL|DEMOKSIL|Dispermox|FLEMOXIN SOLUTAB|GALENAMOX|LARGOPEN|Larotid|MOKSILIN|MOXATAG|NSC-277174|POLYMOX|PROMOXIL|REMOXIL|RESPILLIN|Robamox|Sumox|TOPRAMOXIN|Trimox|UTIMOX|Vetremox|WYMOX|ZOXYCIL 250|ZOXYCIL 500";"Small molecule";"4";"365.41";"333";"3811";"0.02";"132.96";"6";"4";"0";"4";"N";"0.55";"3.23";"7.22";"-2.31";"-2.67";"1";"MOL";"0";"25";"8";"5";"0";"365.1045";"ACID";"C16H19N3O5S";"CC1(C)S[C@@H]2[C@H](NC(=O)[C@H](N)c3ccc(O)cc3)C(=O)N2[C@H]1C(=O)O";"LSQZJLSUYDQPKJ-NJBDSQKTSA-N"
"CHEMBL1517";"OXYTETRACYCLINE";"5-HYDROXYTETRACYCLINE DIHYDRATE|BERKMYCEN|CHEMOCYCLINE|E703|GALENOMYCIN|Hi-Tet|IMPERACIN|Microtet|NITOX|NSC-757262|NSC-9169|OXITETRACYCLINE|OXTC|OXYMYCIN|OXYTETRACYCLINE|OXYTETRACYCLINE (ANHYDROUS)|OXYTETRACYCLINE ANHYDROUS|OXYTETRACYCLINE DEHYDRATE|OXYTETRACYCLINE DIHYDRATE|OXYTETRACYCLINUM DIHYDRAS|OXYTETRAMIX-250|Oxytetracycline|TERRAFUNGINE|TERRAMYCINE|Terramycin|Tetraplex|UNIMYCIN";"Small molecule";"4";"460.44";"183";"722";"-1.24";"201.85";"10";"7";"1";"2";"N";"0.26";"2.84";"7.38";"-4.50";"-4.82";"1";"MOL";"0";"33";"11";"8";"2";"460.1482";"ACID";"C22H24N2O9";"CN(C)[C@@H]1C(O)=C(C(N)=O)C(=O)[C@@]2(O)C(O)=C3C(=O)c4c(O)cccc4[C@@](C)(O)[C@H]3[C@H](O)[C@@H]12";"IWVCMVBTMGNXQD-PXOLEDIWSA-N"
"CHEMBL2105612";"PROPICILLIN";"(1-PHENOXYPROPYL)PENICILLIN|.ALPHA.-PHENOXYPROPYLPENICILLIN|BAYCILLIN|PHENOXYPROPYLPENICILLIN|PROPICILLIN|PROPICILLIN POTASSIUM|PROPICILLIN POTASSIUM SALT";"Small molecule";"4";"378.45";"";"";"1.48";"95.94";"5";"2";"0";"6";"N";"0.73";"3.39";"None";"1.85";"-1.55";"1";"MOL";"0";"26";"7";"2";"0";"378.1249";"ACID";"C18H22N2O5S";"CCC(Oc1ccccc1)C(=O)N[C@@H]1C(=O)N2[C@@H](C(=O)O)C(C)(C)S[C@H]12";"HOCWPKXKMNXINF-XQERAMJGSA-N"
"CHEMBL1449676";"ORNIDAZOLE";"NSC-95075|ORNIDAZOLE|RO 7-0207|RO-7-0207|RO-70207|TIBERAL";"Small molecule";"4";"219.63";"29";"77";"0.70";"81.19";"5";"1";"0";"4";"N";"0.46";"13.82";"3.27";"0.26";"0.26";"1";"MOL";"0";"14";"6";"1";"0";"219.0411";"NEUTRAL";"C7H10ClN3O3";"Cc1ncc([N+](=O)[O-])n1CC(O)CCl";"IPWKIXLWTCNBKN-UHFFFAOYSA-N"
"CHEMBL532";"ERYTHROMYCIN";"A/T/S|AKNE-MYCIN|AKNEMYCIN PLUS|Benzamycin|Bristamycin|C-SOLVE-2|E-BASE|E-Base|E-GLADES|E-Glades|E-Mycin|E-SOLVE 2|E-mycin|ERY-TAB|ERYACNE 2|ERYACNE 4|ERYC 125|ERYC SPRINKLES|ERYCETTE|ERYMAX SPRINKLE|ERYTHRA-DERM|ERYTHRO-STATIN|ERYTHROMYCIN|ERYTHROMYCIN ESTOLATE IMPURITY, FREE ERYTHROMYCIN-|Emgel|Eryc|Eryderm|Erygel|Erymax|Erypar|Erythro 200|Erythro-Statin|Erythrocin|Erythromycin|Gallimycin|ISOTREXIN|Ilotycin|J01FA01|KERYMAX|NSC-55929|OFTALMOLOSA CUSI ERITROMICINA|PAEDIATHROCIN|PCE|Pfizer-E|R-P MYCIN|RETCIN|ROBIMYCIN|ROMMIX 250 EC|ROMMIX 500 EC|SANSAC|STATICIN|STIEMYCIN|T-STAT|TILORYTH|Wyamycin|ZINERYT";"Small molecule";"4";"733.94";"313";"4268";"1.79";"193.91";"14";"5";"2";"7";"N";"0.24";"12.45";"8.38";"2.60";"1.57";"0";"MOL";"0";"51";"14";"5";"2";"733.4612";"NEUTRAL";"C37H67NO13";"CC[C@H]1OC(=O)[C@H](C)[C@@H](O[C@H]2C[C@@](C)(OC)[C@@H](O)[C@H](C)O2)[C@H](C)[C@@H](O[C@@H]2O[C@H](C)C[C@H](N(C)C)[C@H]2O)[C@](C)(O)C[C@@H](C)C(=O)[C@H](C)[C@@H](O)[C@]1(C)O";"ULGZDMOVFRHVEP-RWJQBGPGSA-N"
"CHEMBL1296";"CEFOTIAM";"ASPIL|CEFOTIAM|Cefotiam|Ceradon|J01DC07";"Small molecule";"4";"525.64";"13";"55";"-0.65";"172.46";"13";"3";"2";"10";"N";"0.26";"2.84";"8.34";"-3.09";"-3.11";"2";"MOL";"0";"34";"13";"4";"2";"525.1035";"ACID";"C18H23N9O4S3";"CN(C)CCn1nnnc1SCC1=C(C(=O)O)N2C(=O)[C@@H](NC(=O)Cc3csc(N)n3)[C@H]2SC1";"QYQDKDWGWDOFFU-IUODEOHRSA-N"
"CHEMBL1237046";"ROLITETRACYCLINE";"NSC-759177|ROLITETRACYCLINE|SO 15,659|SQ 15,659|SQ-15659|SYNTERIN|Syntetrin";"Small molecule";"0";"527.57";"14";"47";"0.47";"170.87";"10";"6";"2";"4";"N";"0.30";"2.91";"8.18";"-2.81";"-2.93";"1";"MOL";"0";"38";"11";"6";"3";"527.2268";"ACID";"C27H33N3O8";"CN(C)[C@@H]1C(O)=C(C(=O)NCN2CCCC2)C(=O)[C@@]2(O)C(O)=C3C(=O)c4c(O)cccc4[C@@](C)(O)[C@H]3C[C@@H]12";"HMEYVGGHISAPJR-IAHYZSEUSA-N"
"CHEMBL161";"CEFTRIAXONE";"CEFTRIAXON|CEFTRIAXONE|Ceftriaxone";"Small molecule";"4";"554.59";"203";"2610";"-1.20";"215.22";"15";"4";"2";"8";"N";"0.13";"2.72";"3.54";"-1.00";"-5.53";"2";"MOL";"0";"36";"15";"5";"2";"554.0461";"ACID";"C18H18N8O7S3";"CO/N=C(\C(=O)N[C@@H]1C(=O)N2C(C(=O)O)=C(CSc3nc(=O)c(O)nn3C)CS[C@H]12)c1csc(N)n1";"VAAUVRVFOQPIGI-SPQHTLEESA-N"
"CHEMBL996";"CEFOXITIN";"CEFOXITIN|Cefoxitin|Cenomycin|J01DC01|Mefoxin|Mefoxitin";"Small molecule";"4";"427.46";"155";"1928";"0.10";"148.26";"8";"3";"0";"7";"N";"0.41";"3.39";"None";"0.29";"-3.12";"1";"MOL";"0";"28";"10";"4";"0";"427.0508";"ACID";"C16H17N3O7S2";"CO[C@@]1(NC(=O)Cc2cccs2)C(=O)N2C(C(=O)O)=C(COC(N)=O)CS[C@@H]21";"WZOZEZRFJCJXNZ-ZBFHGGJFSA-N"
"CHEMBL572";"NITROFURANTOIN";"BERKFURIN|CEDURAN|Dantafur|FURALAN|Furadantin|GENFURA|Ivadantin|MACROBID|Macrodantin|NITROFURANTOIN|NITROFURANTOIN (MONOHYDRATE/MACROCRYSTALS)|NITROFURANTOIN ANHYDROUS|NITROFURANTOIN MACROCRYSTAL|NITROFURANTOIN MACROCRYSTALLINE|NITROFURANTOIN, MACROCRYSTALLINE|NITROFURANTOIN, MACROCRYSTALS|NITROFURANTOINUM ANHYDROUS|NSC-2107|NSC-44150|Nitrofurantoin";"Small molecule";"4";"238.16";"216";"3179";"0.07";"118.05";"6";"1";"0";"3";"N";"0.35";"8.23";"None";"-0.22";"-0.28";"1";"MOL";"0";"17";"9";"1";"0";"238.0338";"NEUTRAL";"C8H6N4O5";"O=C1CN(/N=C/c2ccc([N+](=O)[O-])o2)C(=O)N1";"NXFQHRVNIOXGAQ-YCRREMRBSA-N"
"CHEMBL44354";"CEFTAZIDIME";"CEFTAZIDIME|CEFTAZIDIME ANHYDROUS|CEFTAZIDIME HYDRATE|CEFTAZIDIME PENTAHYDRATE|CEPTAZ|Ceftazidime (arginine formulation)|Ceptaz|Fortam|Fortaz|Fortum|GR 20263|GR-20263|J01DD07|Kefazim|LY 139381|LY-139381|NSC-759260|PENTACEF|Pentacef|Tazicef|Tazidime";"Small molecule";"4";"546.59";"207";"5083";"-1.30";"191.22";"11";"3";"2";"9";"N";"0.15";"2.51";"3.94";"-4.16";"-6.94";"2";"MOL";"0";"37";"13";"4";"2";"546.0991";"ACID";"C22H22N6O7S2";"CC(C)(O/N=C(\C(=O)N[C@@H]1C(=O)N2C(C(=O)[O-])=C(C[n+]3ccccc3)CS[C@H]12)c1csc(N)n1)C(=O)O";"ORFOPKXBNMVMKC-DWVKKRMSSA-N"
"CHEMBL31";"GATIFLOXACIN";"AM-1155|BMS-206584-01|BMS-20658401|GATIFLO|GATIFLOXACIN|GATIFLOXACIN (SESQUIHYDRATE)|GATIFLOXACIN ANHYDROUS|GATIFLOXACIN HYDRATE|GATIFLOXACIN SESQUIHYDRATE|NSC-758701|PD-135432|Tequin|ZYMAXID|ZYMER|Zymar";"Small molecule";"4";"375.40";"295";"2468";"1.98";"83.80";"6";"2";"0";"4";"N";"0.85";"5.49";"8.73";"-0.61";"-0.61";"2";"MOL";"0";"27";"7";"2";"0";"375.1594";"ZWITTERION";"C19H22FN3O4";"COc1c(N2CCNC(C)C2)c(F)cc2c(=O)c(C(=O)O)cn(C3CC3)c12";"XUBOMFCQGDBHNK-UHFFFAOYSA-N"
"CHEMBL893";"DICLOXACILLIN";"BRL-1702|DICLOXACILLIN|Dicloxacillin|Dycill|Dynapen|Pathocil|R-13423";"Small molecule";"4";"470.33";"29";"235";"3.20";"112.74";"6";"2";"0";"4";"N";"0.66";"3.75";"None";"2.91";"-0.38";"2";"MOL";"0";"30";"8";"2";"0";"469.0266";"ACID";"C19H17Cl2N3O5S";"Cc1onc(-c2c(Cl)cccc2Cl)c1C(=O)N[C@@H]1C(=O)N2[C@@H](C(=O)O)C(C)(C)S[C@H]12";"YFAGHNZHGGCZAX-JKIFEVAISA-N"
"CHEMBL1525826";"SULFALENE";"AS-18908|KELFIZINE W|Kelfizina|LONGUM|NSC-110433|SULFALENE|SULFAMETHOPYRAZINE|SULFAMETHOXYPYRAZINE|SULFAMETOPYRAZINE";"Small molecule";"4";"280.31";"15";"30";"0.87";"107.20";"6";"2";"0";"4";"N";"0.80";"5.91";"1.98";"0.23";"-0.62";"2";"MOL";"0";"19";"7";"3";"0";"280.0630";"ACID";"C11H12N4O3S";"COc1nccnc1NS(=O)(=O)c1ccc(N)cc1";"KXRZBTAEDBELFD-UHFFFAOYSA-N"
"CHEMBL583";"GREPAFLOXACIN";"GREPAFLOXACIN|Grepafloxacin|Raxar";"Small molecule";"4";"359.40";"139";"383";"2.28";"74.57";"5";"2";"0";"3";"N";"0.88";"5.68";"8.77";"0.08";"0.08";"2";"MOL";"0";"26";"6";"2";"0";"359.1645";"ZWITTERION";"C19H22FN3O3";"Cc1c(F)c(N2CCNC(C)C2)cc2c1c(=O)c(C(=O)O)cn2C1CC1";"AIJTTZAVMXIJGM-UHFFFAOYSA-N"
"CHEMBL3989974";"CEFIDEROCOL";"CEFIDEROCOL|GSK2696266|S-649266";"Small molecule";"4";"752.23";"6";"20";"-0.18";"256.90";"14";"6";"3";"13";"N";"0.05";"2.69";"3.98";"-2.93";"-5.66";"2";"MOL";"0";"50";"17";"7";"3";"751.1497";"ACID";"C30H34ClN7O10S2";"CC(C)(O/N=C(\C(=O)N[C@@H]1C(=O)N2C(C(=O)[O-])=C(C[N+]3(CCNC(=O)c4ccc(O)c(O)c4Cl)CCCC3)CS[C@H]12)c1csc(N)n1)C(=O)O";"DBPPRLRVDVJOCL-FQRUVTKNSA-N"
"CHEMBL1596";"CARBENICILLIN INDANYL";"CARBENICILLIN INDANYL|CARINDACILLIN|Carbenicillin indanyl|INDANYL CARBENICILLIN";"Small molecule";"4";"494.57";"3";"3";"2.50";"113.01";"6";"2";"0";"6";"N";"0.27";"3.29";"None";"3.63";"0.20";"2";"MOL";"0";"35";"8";"2";"0";"494.1512";"ACID";"C26H26N2O6S";"CC1(C)S[C@@H]2[C@H](NC(=O)C(C(=O)Oc3ccc4c(c3)CCC4)c3ccccc3)C(=O)N2[C@H]1C(=O)O";"JIRBAUWICKGBFE-MNRDOXJOSA-N"
"CHEMBL615";"PENICILLIN V";"DISTAQUAINE V|PENICILLIN PHENOXYMETHYL|PENICILLIN V|PHENOMYCILLINE|PHENOXYMETHYLPENICILLIN|PHENOXYMETHYLPENICILLINUM|Penapar-VK|Penicillin-VK|V-Cillin|VEBECILLIN|Veetids";"Small molecule";"4";"350.40";"45";"238";"0.70";"95.94";"5";"2";"0";"5";"N";"0.76";"3.39";"None";"0.76";"-2.64";"1";"MOL";"0";"24";"7";"2";"0";"350.0936";"ACID";"C16H18N2O5S";"CC1(C)S[C@@H]2[C@H](NC(=O)COc3ccccc3)C(=O)N2[C@H]1C(=O)O";"BPLBGHOLXOTWMN-MBNYWOFBSA-N"
"CHEMBL1689772";"OMADACYCLINE";"AMADACYCLINE|BAY 73-6944|OMADACYCLINE|PTK 0796";"Small molecule";"4";"556.66";"12";"71";"1.32";"176.66";"10";"6";"2";"6";"N";"0.28";"2.85";"10.49";"-2.18";"-2.25";"1";"MOL";"0";"40";"11";"7";"3";"556.2897";"ZWITTERION";"C29H40N4O7";"CN(C)c1cc(CNCC(C)(C)C)c(O)c2c1C[C@H]1C[C@H]3[C@H](N(C)C)C(O)=C(C(N)=O)C(=O)[C@@]3(O)C(O)=C1C2=O";"JEECQCWWSTZDCK-IQZGDKDPSA-N"
