"Ligand id","Name","Species","Type","Approved","Withdrawn","Labelled","Radioactive","PubChem SID","PubChem CID","UniProt id","IUPAC name","INN","Synonyms","SMILES","InChIKey","InChI","GtoImmuPdb","GtoMPdb"
"10022","ACT-451840","","Synthetic organic","","","","","375973212","53303762","","(E)-N-[[4-(4-acetylpiperazin-1-yl)phenyl]methyl]-3-(4-tert-butylphenyl)-N-[(2S)-1-[4-[(4-cyanophenyl)methyl]piperazin-1-yl]-1-oxo-3-phenylpropan-2-yl]prop-2-enamide","","ACT451840|Actelion-451840","N#Cc1ccc(cc1)CN1CCN(CC1)C(=O)[C@@H](N(C(=O)/C=C/c1ccc(cc1)C(C)(C)C)Cc1ccc(cc1)N1CCN(CC1)C(=O)C)Cc1ccccc1","BQZUYCCCNXOADJ-TVNMEPFQSA-N","InChI=1S/C47H54N6O3/c1-36(54)50-28-30-51(31-29-50)43-21-16-41(17-22-43)35-53(45(55)23-18-37-14-19-42(20-15-37)47(2,3)4)44(32-38-8-6-5-7-9-38)46(56)52-26-24-49(25-27-52)34-40-12-10-39(33-48)11-13-40/h5-23,44H,24-32,34-35H2,1-4H3/b23-18+/t44-/m0/s1","","yes"
"11823","AIM-1290","","Synthetic organic","","","","","458923858","","","N-[2-(2,4-Difluorophenyl)-1,3-thiazol-5-yl]-4-(1,4-oxazepan-4-yl)butanamide trifluoroacetate","","","Fc1ccc(c2ncc(NC(=O)CCCN3CCCOCC3)s2)c(F)c1","RPGKIKHEBZDURC-UHFFFAOYSA-N","InChI=1S/C18H21F2N3O2S/c19-13-4-5-14(15(20)11-13)18-21-12-17(26-18)22-16(24)3-1-6-23-7-2-9-25-10-8-23/h4-5,11-12H,1-3,6-10H2,(H,22,24)","","yes"
"10407","albitiazolium","","Synthetic organic","","","","","385612169","11377023","","2-[3-[12-[5-(2-hydroxyethyl)-4-methyl-1,3-thiazol-3-ium-3-yl]dodecyl]-4-methyl-1,3-thiazol-3-ium-5-yl]ethanol","albitiazolium bromide","SAR97276|SAR97276A|T3","OCCc1sc[n+](c1C)CCCCCCCCCCCC[n+]1csc(c1C)CCO","UZPXHZIQHWKNPF-UHFFFAOYSA-N","InChI=1S/C24H42N2O2S2/c1-21-23(13-17-27)29-19-25(21)15-11-9-7-5-3-4-6-8-10-12-16-26-20-30-24(14-18-28)22(26)2/h19-20,27-28H,3-18H2,1-2H3/q+2","","yes"
"10018","amodiaquine","","Synthetic organic","yes","","","","375973208","2165","","4-[(7-chloroquinolin-4-yl)amino]-2-(diethylaminomethyl)phenol","amodiaquine","Alphaquine&reg;|Amdaquine&reg;|Amoquin&reg;|Camoquin&reg;|Flavoquine&reg;","CCN(Cc1cc(ccc1O)Nc1ccnc2c1ccc(c2)Cl)CC","OVCDSSHSILBFBN-UHFFFAOYSA-N","InChI=1S/C20H22ClN3O/c1-3-24(4-2)13-14-11-16(6-8-20(14)25)23-18-9-10-22-19-12-15(21)5-7-17(18)19/h5-12,25H,3-4,13H2,1-2H3,(H,22,23)","","yes"
"10085","AN13762","","Synthetic organic","","","","","381118795","132585226","","1-{5-[(1-hydroxy-7-methyl-1,3-dihydro-2,1-benzoxaborol-6-yl)oxy]pyrazine-2-carbonyl}-3-methylazetidin-3-ol","","AN762","O=C(c1cnc(cn1)Oc1ccc2c(c1C)B(O)OC2)N1CC(C1)(C)O","VNWPYEKDGLKRAV-UHFFFAOYSA-N","InChI=1S/C17H18BN3O5/c1-10-13(4-3-11-7-25-18(24)15(10)11)26-14-6-19-12(5-20-14)16(22)21-8-17(2,23)9-21/h3-6,23-24H,7-9H2,1-2H3","","yes"
"10084","AN3661","","Synthetic organic","","","","","381118794","50898347","","3-(1-hydroxy-3H-2,1-benzoxaborol-7-yl)propanoic acid","","","OC(=O)CCc1cccc2c1B(O)OC2","CEVOKIPNIZQANN-UHFFFAOYSA-N","InChI=1S/C10H11BO4/c12-9(13)5-4-7-2-1-3-8-6-15-11(14)10(7)8/h1-3,14H,4-6H2,(H,12,13)","","yes"
"11567","analog 18 [PMID: 28696697]","","Synthetic organic","","","","","441604939","90381790","","(2S)-2-[[(2R)-2-(hexanoylamino)-3-methylbutanoyl]amino]-N-[(2S)-4-methyl-1-[(2R)-2-methyloxiran-2-yl]-1-oxopentan-2-yl]hexanamide","","","CCCC[C@@H](C(=O)N[C@H](C(=O)[C@]1(C)OC1)CC(C)C)NC(=O)[C@@H](C(C)C)NC(=O)CCCCC","XAZZJHQEPVCAEX-RRTYAWIHSA-N","InChI=1S/C26H47N3O5/c1-8-10-12-14-21(30)29-22(18(5)6)25(33)27-19(13-11-9-2)24(32)28-20(15-17(3)4)23(31)26(7)16-34-26/h17-20,22H,8-16H2,1-7H3,(H,27,33)(H,28,32)(H,29,30)/t19-,20-,22+,26+/m0/s1","","yes"
"7495","apicidin","","Natural product","","","","","187051797","6918328","","(3S,6S,9S,12R)-3-[(2S)-butan-2-yl]-6-[(1-methoxyindol-3-yl)methyl]-9-(6-oxooctyl)-1,4,7,10-tetrazabicyclo[10.4.0]hexadecane-2,5,8,11-tetrone","","OSI-2040","CCC(=O)CCCCC[C@@H]1NC(=O)[C@H]2CCCCN2C(=O)[C@@H](NC(=O)[C@@H](NC1=O)Cc1cn(c2c1cccc2)OC)[C@H](CC)C","JWOGUUIOCYMBPV-GMFLJSBRSA-N","InChI=1S/C34H49N5O6/c1-5-22(3)30-34(44)38-19-13-12-18-29(38)33(43)35-26(16-9-7-8-14-24(40)6-2)31(41)36-27(32(42)37-30)20-23-21-39(45-4)28-17-11-10-15-25(23)28/h10-11,15,17,21-22,26-27,29-30H,5-9,12-14,16,18-20H2,1-4H3,(H,35,43)(H,36,41)(H,37,42)/t22-,26-,27-,29+,30-/m0/s1","","yes"
"10391","AQ-13","","Synthetic organic","","","","","384403670","3805581","","N'-(7-chloroquinolin-4-yl)-N,N-diethylpropane-1,3-diamine","","Ro 47-0543","CCN(CCCNc1ccnc2c1ccc(c2)Cl)CC","NCPLTAGJJVCHOW-UHFFFAOYSA-N","InChI=1S/C16H22ClN3/c1-3-20(4-2)11-5-9-18-15-8-10-19-16-12-13(17)6-7-14(15)16/h6-8,10,12H,3-5,9,11H2,1-2H3,(H,18,19)","","yes"
"9971","artefenomel","","Synthetic organic","","","","","374883858","24999143","","4-{2-{4-(cis-dispiro[adamantane-2,3'-[1,2,4]trioxolane- 5',1''-cyclohexane]-4''-yl)phenoxy]ethyl}morpholine","artefenomel","OZ439","O1CCN(CC1)CCOc1ccc(cc1)C1CCC2(CC1)OOC1(O2)C2CC3CC1CC(C2)C3","XLCNVWUKICLURR-UHFFFAOYSA-N","InChI=1S/C28H39NO5/c1-3-26(31-14-11-29-9-12-30-13-10-29)4-2-22(1)23-5-7-27(8-6-23)32-28(34-33-27)24-16-20-15-21(18-24)19-25(28)17-20/h1-4,20-21,23-25H,5-19H2","","yes"
"10397","arteflene","","Synthetic organic","","","","","384403676","6436134","","(1R,4S,5S,8R)-8-[(Z)-2-[2,4-bis(trifluoromethyl)phenyl]ethenyl]-4,8-dimethyl-6,7-dioxabicyclo[3.3.1]nonan-3-one","arteflene","Ro 42-1611","O=C1C[C@H]2C[C@@H]([C@@H]1C)OO[C@@]2(C)/C=C\c1ccc(cc1C(F)(F)F)C(F)(F)F","LRTRTVPZZJAADL-DAHZFVMQSA-N","InChI=1S/C19H18F6O3/c1-10-15(26)8-13-9-16(10)27-28-17(13,2)6-5-11-3-4-12(18(20,21)22)7-14(11)19(23,24)25/h3-7,10,13,16H,8-9H2,1-2H3/b6-5-/t10-,13+,16+,17+/m1/s1","","yes"
"9955","artemether","","Natural product","yes","","","","374883842","68911","","(1R,4S,5R,8S,9R,10S,12R,13R)-10-methoxy-1,5,9-trimethyl-11,14,15,16-tetraoxatetracyclo[10.3.1.0<sup>4,13</sup>.0<sup>8,13</sup>]hexadecane","artemether","&beta;-artemether|beta-artemether","CO[C@H]1O[C@@H]2O[C@@]3(C)CC[C@@H]4[C@]2([C@H]([C@H]1C)CC[C@H]4C)OO3","SXYIRMFQILZOAM-HVNFFKDJSA-N","InChI=1S/C16H26O5/c1-9-5-6-12-10(2)13(17-4)18-14-16(12)11(9)7-8-15(3,19-14)20-21-16/h9-14H,5-8H2,1-4H3/t9-,10-,11+,12+,13+,14-,15-,16-/m1/s1","","yes"
"9954","artemisinin","","Natural product","","","","","374883841","68827","","(1R,4S,5R,8S,9R,12S,13R)-1,5,9-trimethyl-11,14,15,16-tetraoxatetracyclo[10.3.1.0<sup>4,13</sup>.0<sup>8,13</sup>]hexadecan-10-one","artemisinin","qinghaosu","O=C1O[C@@H]2O[C@@]3(C)CC[C@@H]4[C@]2([C@H]([C@H]1C)CC[C@H]4C)OO3","BLUAFEHZUWYNDE-NNWCWBAJSA-N","InChI=1S/C15H22O5/c1-8-4-5-11-9(2)12(16)17-13-15(11)10(8)6-7-14(3,18-13)19-20-15/h8-11,13H,4-7H2,1-3H3/t8-,9-,10+,11+,13-,14-,15-/m1/s1","","yes"
"9958","artemotil","","Natural product","","","","","374883845","3000469","","(1R,4S,5R,8S,9R,10S,12R,13R)-10-ethoxy-1,5,9-trimethyl-11,14,15,16-tetraoxatetracyclo[10.3.1.0<sup>4,13</sup>.0<sup>8,13</sup>]hexadecane","artemotil","&beta;-arteether","CCO[C@H]1O[C@@H]2O[C@@]3(C)CC[C@@H]4[C@]2([C@H]([C@H]1C)CC[C@H]4C)OO3","NLYNIRQVMRLPIQ-XQLAAWPRSA-N","InChI=1S/C17H28O5/c1-5-18-14-11(3)13-7-6-10(2)12-8-9-16(4)20-15(19-14)17(12,13)22-21-16/h10-15H,5-9H2,1-4H3/t10-,11-,12+,13+,14+,15-,16-,17-/m1/s1","","yes"
"9957","artenimol","","Natural product","yes","","","","374883844","3000518","","(3r,5as,6r,8as,9r,10s,12r,12ar)-decahydro-3,6,9-trimethyl-3,12-epoxy-12h-pyrano[4,3-j][1,2]benzodioxepin-10-ol","artenimol","DHA|dihydroartemisinin|GNF-Pf-5634","O[C@H]1O[C@@H]2O[C@@]3(C)CC[C@@H]4[C@]2([C@H]([C@H]1C)CC[C@H]4C)OO3","BJDCWCLMFKKGEE-ISOSDAIHSA-N","InChI=1S/C15H24O5/c1-8-4-5-11-9(2)12(16)17-13-15(11)10(8)6-7-14(3,18-13)19-20-15/h8-13,16H,4-7H2,1-3H3/t8-,9-,10+,11+,12+,13-,14-,15-/m1/s1","","yes"
"9956","artesunate","","Synthetic organic","yes","","","","374883843","6917864","","4-oxo-4-[[(1R,4S,5R,8S,9R,10S,12R,13R)-1,5,9-trimethyl-11,14,15,16-tetraoxatetracyclo[10.3.1.0<sup>4,13</sup>.0<sup>8,13</sup>]hexadecan-10-yl]oxy]butanoic acid","artesunate","","OC(=O)CCC(=O)O[C@@H]1O[C@@H]2O[C@@]3(C)CC[C@@H]4[C@]2([C@H]([C@H]1C)CC[C@H]4C)OO3","FIHJKUPKCHIPAT-AHIGJZGOSA-N","InChI=1S/C19H28O8/c1-10-4-5-13-11(2)16(23-15(22)7-6-14(20)21)24-17-19(13)12(10)8-9-18(3,25-17)26-27-19/h10-13,16-17H,4-9H2,1-3H3,(H,20,21)/t10-,11-,12+,13+,16-,17-,18-,19-/m1/s1","","yes"
"9695","atovaquone","","Synthetic organic","yes","","","","348353654","74989","","trans-2-[4-(4-Chlorophenyl)cyclohexyl]-3-hydroxy-1,4-naphthalenedione","atovaquone","566C80|Mepron&reg;|Wellvone&reg;","Clc1ccc(cc1)[C@@H]1CC[C@H](CC1)C1=C(O)C(=O)c2c(C1=O)cccc2","KUCQYCKVKVOKAY-CTYIDZIISA-N","InChI=1S/C22H19ClO3/c23-16-11-9-14(10-12-16)13-5-7-15(8-6-13)19-20(24)17-3-1-2-4-18(17)21(25)22(19)26/h1-4,9-13,15,26H,5-8H2/t13-,15-","","yes"
"6510","azithromycin","","Synthetic organic","yes","","","","178103124","447043","","(2R,3S,4R,5R,8R,10R,11R,12S,13S,14R)-11-[(2S,3R,4S,6R)-4-dimethylamino-3-hydroxy-6-methyloxan-2-yl]oxy-2-ethyl-3,4,10-trihydroxy-13-[(2R,4R,5S,6S)-5-hydroxy-4-methoxy-4,6-dimethyloxan-2-yl]oxy-3,5,6,8,10,12,14-heptamethyl-1-oxa-6-azacyclopentadecan-15-one","azithromycin","","CC[C@H]1OC(=O)[C@H](C)[C@@H](O[C@@H]2O[C@@H](C)[C@@H]([C@](C2)(C)OC)O)[C@H](C)[C@@H](O[C@@H]2O[C@H](C)C[C@@H]([C@H]2O)N(C)C)[C@](C[C@H](CN([C@@H]([C@H]([C@]1(C)O)O)C)C)C)(C)O","MQTOSJVFKKJCRP-BICOPXKESA-N","InChI=1S/C38H72N2O12/c1-15-27-38(10,46)31(42)24(6)40(13)19-20(2)17-36(8,45)33(52-35-29(41)26(39(11)12)16-21(3)48-35)22(4)30(23(5)34(44)50-27)51-28-18-37(9,47-14)32(43)25(7)49-28/h20-33,35,41-43,45-46H,15-19H2,1-14H3/t20-,21-,22+,23-,24-,25+,26+,27-,28+,29-,30+,31-,32+,33-,35+,36-,37-,38-/m1/s1","","yes"
"10614","BCH070","","Synthetic organic","","","","","404859061","1643392","","2-(4-chlorophenyl)-N-[4-(phenoxy)phenyl]quinazolin-4-amine","","","Clc1ccc(cc1)c1nc(Nc2ccc(cc2)Oc2ccccc2)c2c(n1)cccc2","VKLMWXASUNVKHV-UHFFFAOYSA-N","InChI=1S/C26H18ClN3O/c27-19-12-10-18(11-13-19)25-29-24-9-5-4-8-23(24)26(30-25)28-20-14-16-22(17-15-20)31-21-6-2-1-3-7-21/h1-17H,(H,28,29,30)","","yes"
"11306","borrelidin","","Natural product","","","","","434321741","6436801","","(1R,2R)-2-[(2S,4E,6Z,8R,9S,11R,13S,15S,16S)-7-cyano-8,16-dihydroxy-9,11,13,15-tetramethyl-18-oxo-1-oxacyclooctadeca-4,6-dien-2-yl]cyclopentane-1-carboxylic acid","","(-)-borrelidin","N#C/C/1=C/C=C/C[C@H](OC(=O)C[C@@H]([C@H](C[C@H](C[C@H](C[C@@H]([C@H]1O)C)C)C)C)O)[C@@H]1CCC[C@H]1C(=O)O","OJCKRNPLOZHAOU-UGKRXNSESA-N","InChI=1S/C28H43NO6/c1-17-12-18(2)14-20(4)27(32)21(16-29)8-5-6-11-25(22-9-7-10-23(22)28(33)34)35-26(31)15-24(30)19(3)13-17/h5-6,8,17-20,22-25,27,30,32H,7,9-15H2,1-4H3,(H,33,34)/b6-5+,21-8-/t17-,18+,19-,20-,22+,23+,24-,25-,27+/m0/s1","","yes"
"6391","bortezomib","","Synthetic organic","yes","","","","178103007","387447","","[(1R)-3-methyl-1-[[(2S)-3-phenyl-2-(pyrazine-2-carbonylamino)propanoyl]amino]butyl]boronic acid","bortezomib","peptide boronate|PS-341|Velcade&reg;","CC(C[C@@H](B(O)O)NC(=O)[C@@H](NC(=O)c1cnccn1)Cc1ccccc1)C","GXJABQQUPOEUTA-RDJZCZTQSA-N","InChI=1S/C19H25BN4O4/c1-13(2)10-17(20(27)28)24-18(25)15(11-14-6-4-3-5-7-14)23-19(26)16-12-21-8-9-22-16/h3-9,12-13,15,17,27-28H,10-11H2,1-2H3,(H,23,26)(H,24,25)/t15-,17-/m0/s1","yes","yes"
"9648","BRD3444","","Synthetic organic","","","","","340590278","54669399","","(8R,9R,10S)-10-(hydroxymethyl)-N-(4-methoxyphenyl)-9-[4-(2-phenylethynyl)phenyl]-1,6-diazabicyclo[6.2.0]decane-6-carboxamide","","","OC[C@H]1N2CCCCN(C[C@H]2[C@H]1c1ccc(cc1)C#Cc1ccccc1)C(=O)Nc1ccc(cc1)OC","OJOYTIQMDFICSJ-FRXPANAUSA-N","InChI=1S/C31H33N3O3/c1-37-27-17-15-26(16-18-27)32-31(36)33-19-5-6-20-34-28(21-33)30(29(34)22-35)25-13-11-24(12-14-25)10-9-23-7-3-2-4-8-23/h2-4,7-8,11-18,28-30,35H,5-6,19-22H2,1H3,(H,32,36)/t28-,29+,30+/m0/s1","","yes"
"11723","BRD7929","","Synthetic organic","","","","","458923758","118065266","","(8R,9S,10S)-10-[(dimethylamino)methyl]-N-(4-methoxyphenyl)-9-[4-(2-phenylethynyl)phenyl]-1,6-diazabicyclo[6.2.0]decane-6-carboxamide","","","COc1ccc(cc1)NC(=O)N1CCCCN2[C@@H](C1)[C@H]([C@H]2CN(C)C)c1ccc(cc1)C#Cc1ccccc1","VKRCTZCBMKVHCK-RTOKGZNSSA-N","InChI=1S/C33H38N4O2/c1-35(2)23-30-32(27-15-13-26(14-16-27)12-11-25-9-5-4-6-10-25)31-24-36(21-7-8-22-37(30)31)33(38)34-28-17-19-29(39-3)20-18-28/h4-6,9-10,13-20,30-32H,7-8,21-24H2,1-3H3,(H,34,38)/t30-,31+,32+/m1/s1","","yes"
"11469","BRD9185","","Synthetic organic","","","","","440816837","121596187","","(2S,3S,4S)-3-[4-[3,4-bis(trifluoromethyl)phenyl]phenyl]-2-cyano-4-(hydroxymethyl)-N-propylazetidine-1-carboxamide","","compound 27 [PMID: 28435533]","CCCNC(=O)N1[C@H](CO)[C@H]([C@H]1C#N)c1ccc(cc1)c1ccc(c(c1)C(F)(F)F)C(F)(F)F","FYPZBZFXJUJJRA-AQNXPRMDSA-N","InChI=1S/C23H21F6N3O2/c1-2-9-31-21(34)32-18(11-30)20(19(32)12-33)14-5-3-13(4-6-14)15-7-8-16(22(24,25)26)17(10-15)23(27,28)29/h3-8,10,18-20,33H,2,9,12H2,1H3,(H,31,34)/t18-,19-,20+/m1/s1","","yes"
"10414","bulaquine","","Synthetic organic","","","","","385612174","3036820","","(3E)-3-[1-[4-[(6-methoxyquinolin-8-yl)amino]pentylamino]ethylidene]oxolan-2-one","bulaquine","CDRI-80/53|elubaquine","COc1cc(NC(CCCN/C(=C/2\CCOC2=O)/C)C)c2c(c1)cccn2","ADCOUXIGWFEYJP-OBGWFSINSA-N","InChI=1S/C21H27N3O3/c1-14(6-4-9-22-15(2)18-8-11-27-21(18)25)24-19-13-17(26-3)12-16-7-5-10-23-20(16)19/h5,7,10,12-14,22,24H,4,6,8-9,11H2,1-3H3/b18-15+","","yes"
"10399","CDRI-97/78","","Synthetic organic","","","","","384403678","9870599","","4-[2-methyl-2-[4-(1-spiro[1,2,4-trioxane-3,2'-adamantane]-6-ylethenyl)phenoxy]propoxy]-4-oxobutanoic acid","","","O=C(OCC(Oc1ccc(cc1)C(=C)C1COC2(OO1)C1CC3CC2CC(C1)C3)(C)C)CCC(=O)O","LKAAAECAYCDCQW-UHFFFAOYSA-N","InChI=1S/C28H36O8/c1-17(24-15-33-28(36-35-24)21-11-18-10-19(13-21)14-22(28)12-18)20-4-6-23(7-5-20)34-27(2,3)16-32-26(31)9-8-25(29)30/h4-7,18-19,21-22,24H,1,8-16H2,2-3H3,(H,29,30)","","yes"
"5535","chloroquine","","Synthetic organic","yes","","","","178102177","2719","","N'-(7-chloroquinolin-4-yl)-N,N-diethylpentane-1,4-diamine","chloroquine","Aralen&reg;|chloraquine|Malaquin&reg;","CCN(CCCC(Nc1ccnc2c1ccc(c2)Cl)C)CC","WHTVZRBIWZFKQO-UHFFFAOYSA-N","InChI=1S/C18H26ClN3/c1-4-22(5-2)12-6-7-14(3)21-17-10-11-20-18-13-15(19)8-9-16(17)18/h8-11,13-14H,4-7,12H2,1-3H3,(H,20,21)","yes","yes"
"11285","CHMFL-PI4K-127","","Synthetic organic","","","","","434321720","141754964","","6'-chloro-N-methyl-5'-(phenylsulfonamido)-[3,3'-bipyridine]-5-carboxamide","","","CNC(=O)c1cncc(c1)c1cnc(c(c1)NS(=O)(=O)c1ccccc1)Cl","IHWSJFBJORCEAK-UHFFFAOYSA-N","InChI=1S/C18H15ClN4O3S/c1-20-18(24)14-7-12(9-21-10-14)13-8-16(17(19)22-11-13)23-27(25,26)15-5-3-2-4-6-15/h2-11,23H,1H3,(H,20,24)","","yes"
"9721","cipargamin","","Synthetic organic","","","","","374883822","44469321","","(3R,3'S)-5,7'-dichloro-6'-fluoro-3'-methylspiro[1H-indole-3,1'-2,3,4,9-tetrahydropyrido[3,4-b]indole]-2-one","cipargamin","KAE609|NITD609","C[C@H]1Cc2c3cc(F)c(cc3[nH]c2[C@@]2(N1)C(=O)Nc1c2cc(Cl)cc1)Cl","CKLPLPZSUQEDRT-WPCRTTGESA-N","InChI=1S/C19H14Cl2FN3O/c1-8-4-11-10-6-14(22)13(21)7-16(10)23-17(11)19(25-8)12-5-9(20)2-3-15(12)24-18(19)26/h2-3,5-8,23,25H,4H2,1H3,(H,24,26)/t8-,19+/m0/s1","","yes"
"11254","CIS43","","Antibody","","","","","434122314","","","","","","","","","","yes"
"10610","CJ-15,801","","Natural product","","","","","404859057","6917384","","(E)-3-[[(2R)-2,4-dihydroxy-3,3-dimethylbutanoyl]amino]prop-2-enoic acid","","CJ-15801","OCC([C@H](C(=O)N/C=C/C(=O)O)O)(C)C","HWKKTJQAKVPKTK-SDLBARTOSA-N","InChI=1S/C9H15NO5/c1-9(2,5-11)7(14)8(15)10-4-3-6(12)13/h3-4,7,11,14H,5H2,1-2H3,(H,10,15)(H,12,13)/b4-3+/t7-/m0/s1","","yes"
"10247","cladosporin","","Natural product","","","","","381744929","13990016","","(3R)-3-[[(2R,6S)-6-methyloxan-2-yl]methyl]-6,8-bis(oxidanyl)-3,4-dihydroisochromen-1-one","","asperentin","C[C@H]1CCC[C@@H](O1)C[C@@H]1OC(=O)c2c(C1)cc(cc2O)O","WOMKDMUZNBFXKG-ZWKOPEQDSA-N","InChI=1S/C16H20O5/c1-9-3-2-4-12(20-9)8-13-6-10-5-11(17)7-14(18)15(10)16(19)21-13/h5,7,9,12-13,17-18H,2-4,6,8H2,1H3/t9-,12+,13+/m0/s1","","yes"
"10607","clindamycin","","Synthetic organic","yes","","","","404859054","446598","","(2S,4R)-N-[(1S,2S)-2-chloro-1-[(2R,3R,4S,5R,6R)-3,4,5-trihydroxy-6-methylsulfanyloxan-2-yl]propyl]-1-methyl-4-propylpyrrolidine-2-carboxamide","clindamycin","","CCC[C@H]1CN([C@@H](C1)C(=O)N[C@@H]([C@H]1O[C@H](SC)[C@@H]([C@H]([C@H]1O)O)O)[C@@H](Cl)C)C","KDLRVYVGXIQJDK-AWPVFWJPSA-N","InChI=1S/C18H33ClN2O5S/c1-5-6-10-7-11(21(3)8-10)17(25)20-12(9(2)19)16-14(23)13(22)15(24)18(26-16)27-4/h9-16,18,22-24H,5-8H2,1-4H3,(H,20,25)/t9-,10+,11-,12+,13-,14+,15+,16+,18+/m0/s1","","yes"
"11263","compound 11c  [PMID: 30613327]","","Synthetic organic","","","","","434321698","67617845","","7-methoxy-3-methyl-2-[1-[[4-(trifluoromethoxy)phenyl]methyl]pyrazol-4-yl]-1H-quinolin-4-one","","","COc1ccc2c(c1)[nH]c(c(c2=O)C)c1cnn(c1)Cc1ccc(cc1)OC(F)(F)F","CJKMEXVEIKDLMA-UHFFFAOYSA-N","InChI=1S/C22H18F3N3O3/c1-13-20(27-19-9-17(30-2)7-8-18(19)21(13)29)15-10-26-28(12-15)11-14-3-5-16(6-4-14)31-22(23,24)25/h3-10,12H,11H2,1-2H3,(H,27,29)","","yes"
"11958","Compound 14a [WO2021155612A1]","","Synthetic organic","","","","","461663513","","","","","","[C@H](CC(C)C)(N1C(=O)CC(CC)(CC)N=C1N)c1cc(C(=O)N[C@@H]2c3c(OCC2)cccc3)ccc1","PDKYBFRBTVUAEM-BJKOFHAPSA-N","InChI=1S/C29H38N4O3/c1-5-29(6-2)18-26(34)33(28(30)32-29)24(16-19(3)4)20-10-9-11-21(17-20)27(35)31-23-14-15-36-25-13-8-7-12-22(23)25/h7-13,17,19,23-24H,5-6,14-16,18H2,1-4H3,(H2,30,32)(H,31,35)/t23-,24+/m0/s1","","yes"
"11928","compound 1a [WO2021204952A1]","","Synthetic organic","","","","","461663483","157022436","","(3S,4S)-N-(3-cyano-4-fluorophenyl)-3-(6-cyclopropyloxypyridin-3-yl)-1-oxo-2-(2,2,2-trifluoroethyl)-3,4-dihydroisoquinoline-4-carboxamide","","","C1CC1Oc1ncc(cc1)[C@@H]1[C@H](c2ccccc2C(=O)N1CC(F)(F)F)C(=O)Nc1cc(c(cc1)F)C#N","KYICPNWURYGJCB-BJKOFHAPSA-N","InChI=1S/C27H20F4N4O3/c28-21-9-6-17(11-16(21)12-32)34-25(36)23-19-3-1-2-4-20(19)26(37)35(14-27(29,30)31)24(23)15-5-10-22(33-13-15)38-18-7-8-18/h1-6,9-11,13,18,23-24H,7-8,14H2,(H,34,36)/t23-,24+/m0/s1","","yes"
"11709","compound 1 [PMID: 33929818]","","Synthetic organic","","","","","442878735","139327267","","4-[3-cyano-3-(1-methylcyclopropyl)-2-oxopyrrolidin-1-yl]-N-[[3-fluoro-5-(1-methylpyrazol-4-yl)phenyl]methyl]-6-methylpyridine-2-carboxamide","","","N#CC1(CCN(C1=O)c1cc(C)nc(c1)C(=O)NCc1cc(F)cc(c1)c1cnn(c1)C)C1(C)CC1","PFICVJYRZDMEIX-UHFFFAOYSA-N","InChI=1S/C27H27FN6O2/c1-17-8-22(34-7-6-27(16-29,25(34)36)26(2)4-5-26)12-23(32-17)24(35)30-13-18-9-19(11-21(28)10-18)20-14-31-33(3)15-20/h8-12,14-15H,4-7,13H2,1-3H3,(H,30,35)","","yes"
"10258","compound 1u [PMID: 30245402]","","Synthetic organic","","","","","381744940","137553162","","4-[[[2-(cyclohexylamino)-2-oxoethyl]-(4-propan-2-ylbenzoyl)amino]methyl]-N-hydroxybenzamide","","","ONC(=O)c1ccc(cc1)CN(C(=O)c1ccc(cc1)C(C)C)CC(=O)NC1CCCCC1","HZYLVYNCWLAIGF-UHFFFAOYSA-N","InChI=1S/C26H33N3O4/c1-18(2)20-12-14-22(15-13-20)26(32)29(17-24(30)27-23-6-4-3-5-7-23)16-19-8-10-21(11-9-19)25(31)28-33/h8-15,18,23,33H,3-7,16-17H2,1-2H3,(H,27,30)(H,28,31)","","yes"
"11319","compound 24 [PMID: 32959656]","","Synthetic organic","","","","","434321754","154733037","","(E)-N1-(6-Chloro-2-(4-(trifluoromethyl)styryl)quinolin-4-yl)-N2,N2-dimethylethane-1,2-diamine","","","CN(CCNc1cc(/C=C/c2ccc(cc2)C(F)(F)F)nc2c1cc(Cl)cc2)C","AOIUKRJIEYZLAU-WEVVVXLNSA-N","InChI=1S/C22H21ClF3N3/c1-29(2)12-11-27-21-14-18(28-20-10-8-17(23)13-19(20)21)9-5-15-3-6-16(7-4-15)22(24,25)26/h3-10,13-14H,11-12H2,1-2H3,(H,27,28)/b9-5+","","yes"
"11294","compound 27 [PMID: 32945666]","","Synthetic organic","","","","","434321729","154733033","","6-(4-tert-Butylphenyl)-4-(2-hydroxyphenyl)-3-methyl-1-phenyl-1H-pyrazolo[3,4-b]pyridine-5-carbonitrile","","","N#Cc1c(nc2c(c1c1ccccc1O)c(C)nn2c1ccccc1)c1ccc(cc1)C(C)(C)C","LIARSLHDKGMNOW-UHFFFAOYSA-N","InChI=1S/C30H26N4O/c1-19-26-27(23-12-8-9-13-25(23)35)24(18-31)28(20-14-16-21(17-15-20)30(2,3)4)32-29(26)34(33-19)22-10-6-5-7-11-22/h5-17,35H,1-4H3","","yes"
"10617","compound 28 [PMID: 31188540]","","Synthetic organic","","","","","404859064","145996531","","N-(3-chloro-4-fluorophenyl)-2-methyl-2-{[4-methyl-3-(morpholinosulfonyl)phenyl]amino}propanamide","","","O=C(C(Nc1ccc(c(c1)S(=O)(=O)N1CCOCC1)C)(C)C)Nc1ccc(c(c1)Cl)F","DUBVSWHYPDKVEA-UHFFFAOYSA-N","InChI=1S/C21H25ClFN3O4S/c1-14-4-5-16(13-19(14)31(28,29)26-8-10-30-11-9-26)25-21(2,3)20(27)24-15-6-7-18(23)17(22)12-15/h4-7,12-13,25H,8-11H2,1-3H3,(H,24,27)","","yes"
"10604","compound 2h [PMID: 30664827]","","Synthetic organic","","","","","404859051","145996529","","N-(2-(benzylamino)-2-oxoethyl)-N-(4-(hydroxycarbamoyl)benzyl)-4-isopropylbenzamide","","","ONC(=O)c1ccc(cc1)CN(C(=O)c1ccc(cc1)C(C)C)CC(=O)NCc1ccccc1","REDUQXCPUSNJOL-UHFFFAOYSA-N","InChI=1S/C27H29N3O4/c1-19(2)22-12-14-24(15-13-22)27(33)30(17-21-8-10-23(11-9-21)26(32)29-34)18-25(31)28-16-20-6-4-3-5-7-20/h3-15,19,34H,16-18H2,1-2H3,(H,28,31)(H,29,32)","","yes"
"11322","compound 2 [PMID: 33085774]","","Synthetic organic","","","","","434321757","25177840","","(2R,3S,4R,5R,8R,10R,11R,12S,13S,14R)-11-[(2S,3R,4S,6R)-3-[3-[(7-chloroquinolin-4-yl)amino]propoxy]-4-(dimethylamino)-6-methyloxan-2-yl]oxy-2-ethyl-3,4,10-trihydroxy-13-[(2R,4R,5S,6S)-5-hydroxy-4-methoxy-4,6-dimethyloxan-2-yl]oxy-3,5,6,8,10,12,14-heptamethyl-1-oxa-6-azacyclopentadecan-15-one","","","CC[C@H]1OC(=O)[C@H](C)[C@@H](O[C@@H]2O[C@@H](C)[C@@H]([C@](C2)(C)OC)O)[C@H](C)[C@@H](O[C@@H]2O[C@H](C)C[C@@H]([C@H]2OCCCNc2ccnc3c2ccc(c3)Cl)N(C)C)[C@](C[C@H](CN([C@@H]([C@H]([C@]1(C)O)O)C)C)C)(C)O","KZRUOZJPVVJKAE-ZPHCEPPYSA-N","InChI=1S/C50H83ClN4O12/c1-15-39-50(10,60)43(56)32(6)55(13)27-28(2)25-48(8,59)45(30(4)41(31(5)46(58)65-39)66-40-26-49(9,61-14)44(57)33(7)64-40)67-47-42(38(54(11)12)23-29(3)63-47)62-22-16-20-52-36-19-21-53-37-24-34(51)17-18-35(36)37/h17-19,21,24,28-33,38-45,47,56-57,59-60H,15-16,20,22-23,25-27H2,1-14H3,(H,52,53)/t28-,29-,30+,31-,32-,33+,38+,39-,40+,41+,42-,43-,44+,45-,47+,48-,49-,50-/m1/s1","","yes"
"9647","compound 34c [PMID: 24641010]","","Synthetic organic","","","","","340590277","72183475","","2-(3-piperidin-4-yloxy-1-benzothiophen-2-yl)-5-[(1,3,5-trimethylpyrazol-4-yl)methyl]-1,3,4-oxadiazole","","","Cn1nc(c(c1C)Cc1nnc(o1)c1sc2c(c1OC1CCNCC1)cccc2)C","XZORQADPEUSNQJ-UHFFFAOYSA-N","InChI=1S/C22H25N5O2S/c1-13-17(14(2)27(3)26-13)12-19-24-25-22(29-19)21-20(28-15-8-10-23-11-9-15)16-6-4-5-7-18(16)30-21/h4-7,15,23H,8-12H2,1-3H3","","yes"
"11553","compound 3j [PMID: 33975947]","","Synthetic organic","","","","","441604925","155925849","","[(1S)-1-[[2-[[(2R)-2-[[(2R)-2-acetamido-2-cyclopentylacetyl]amino]-3-methylbutanoyl]amino]acetyl]amino]ethyl]boronic acid","","","O=C(N[C@@H](B(O)O)C)CNC(=O)[C@@H](C(C)C)NC(=O)[C@@H](C1CCCC1)NC(=O)C","VFMMJZMQRGSBSO-HFBAOOFYSA-N","InChI=1S/C18H33BN4O6/c1-10(2)15(17(26)20-9-14(25)21-11(3)19(28)29)23-18(27)16(22-12(4)24)13-7-5-6-8-13/h10-11,13,15-16,28-29H,5-9H2,1-4H3,(H,20,26)(H,21,25)(H,22,24)(H,23,27)/t11-,15-,16-/m1/s1","","yes"
"11214","compound 3 [PMID: 32258933]","","Synthetic organic","","","","","434122274","10806082","","5-chloro-1-(phenylmethyl)-2-piperazin-1-ylbenzimidazole","","","Clc1ccc2c(c1)nc(n2Cc1ccccc1)N1CCNCC1","RDAXAGXJSCEYLT-UHFFFAOYSA-N","InChI=1S/C18H19ClN4/c19-15-6-7-17-16(12-15)21-18(22-10-8-20-9-11-22)23(17)13-14-4-2-1-3-5-14/h1-7,12,20H,8-11,13H2","","yes"
"10418","compound 49c [PMID: 29074775]","","Synthetic organic","","","","","385612178","71521073","","N-[(2S,3R)-3-Hydroxy-1-phenyl-4-[[(1R)-1-phenylethyl]amino]butan-2-yl]-4-(4-methylpiperazine-1-carbonyl)benzamide","","","CN1CCN(CC1)C(=O)c1ccc(cc1)C(=O)N[C@H]([C@@H](CN[C@@H](c1ccccc1)C)O)Cc1ccccc1","NCNJHAHPOUUEQX-LDVROUIZSA-N","InChI=1S/C31H38N4O3/c1-23(25-11-7-4-8-12-25)32-22-29(36)28(21-24-9-5-3-6-10-24)33-30(37)26-13-15-27(16-14-26)31(38)35-19-17-34(2)18-20-35/h3-16,23,28-29,32,36H,17-22H2,1-2H3,(H,33,37)/t23-,28+,29-/m1/s1","","yes"
"11933","compound 4 [WO2022008639A1]","","Synthetic organic","","","","","461663488","","","N-{3-[(4S)-2-amino-4-methyl-1-[(2S,4S)-2-methyloxan-4-yl]-6-oxo-1,4,5,6-tetrahydropyrimidin-4-yl]-2-chlorophenyl}-3,5,7-trifluoroadamantane-1-carboxamide","","","C(=O)(Nc1c(Cl)c(ccc1)[C@]1(C)CC(=O)N(C(=N1)N)[C@@H]1C[C@H](C)OCC1)C12CC3(F)CC(F)(C1)CC(F)(C2)C3","ZLWNVCRHCYIPOK-VOMOGABFSA-N","InChI=1S/C28H34ClF3N4O3/c1-16-8-17(6-7-39-16)36-20(37)9-24(2,35-23(36)33)18-4-3-5-19(21(18)29)34-22(38)25-10-26(30)13-27(31,11-25)15-28(32,12-25)14-26/h3-5,16-17H,6-15H2,1-2H3,(H2,33,35)(H,34,38)/t16-,17-,24-,25?,26?,27?,28?/m0/s1","","yes"
"10016","compound 55 [PMID: 29889526]","","Synthetic organic","","","","","375973206","134813901","","3-(8-(2-(Trifluoromethyl)pyridin-4-yl)-1,5-naphthyridin-2-yl)benzenesulfonamide","","","FC(c1nccc(c1)c1ccnc2c1nc(cc2)c1cccc(c1)S(=O)(=O)N)(F)F","UNHBOZVTSNPRRO-UHFFFAOYSA-N","InChI=1S/C20H13F3N4O2S/c21-20(22,23)18-11-12(6-8-26-18)15-7-9-25-17-5-4-16(27-19(15)17)13-2-1-3-14(10-13)30(24,28)29/h1-11H,(H2,24,28,29)","","yes"
"10398","compound 5 [PMID: 30894487]","","Synthetic organic","","","","","384403677","134158252","","N-[(4,4-difluoro-1-hydroxycyclohexyl)methyl]-6-fluoro-4-oxochromene-2-carboxamide","","","Fc1ccc2c(c1)c(=O)cc(o2)C(=O)NCC1(O)CCC(CC1)(F)F","PJBRCGHQNUWERQ-UHFFFAOYSA-N","InChI=1S/C17H16F3NO4/c18-10-1-2-13-11(7-10)12(22)8-14(25-13)15(23)21-9-16(24)3-5-17(19,20)6-4-16/h1-2,7-8,24H,3-6,9H2,(H,21,23)","","yes"
"11926","compound VII [WO2021149692A1]","","Synthetic organic","","","","","461663481","156808501","","2,6-diamino-N-[[4-(2,2,2-trifluoroethoxy)phenyl]methyl]-5-[3-[1-(trifluoromethyl)cyclopropyl]-1,2,4-triazol-1-yl]pyridine-3-carboxamide","","","Nc1c(C(=O)NCc2ccc(cc2)OCC(F)(F)F)cc(c(n1)N)n1nc(nc1)C1(CC1)C(F)(F)F","FIWILGQIZHDAQG-UHFFFAOYSA-N","InChI=1S/C21H19F6N7O2/c22-20(23,24)9-36-12-3-1-11(2-4-12)8-30-17(35)13-7-14(16(29)32-15(13)28)34-10-31-18(33-34)19(5-6-19)21(25,26)27/h1-4,7,10H,5-6,8-9H2,(H,30,35)(H4,28,29,32)","","yes"
"10027","cycloguanil","","Synthetic organic","","","","","375973215","9049","","1-(4-chlorophenyl)-6,6-dimethyl-1,3,5-triazine-2,4-diamine","cycloguanil embonate","","Clc1ccc(cc1)N1C(=NC(=NC1(C)C)N)N","QMNFFXRFOJIOKZ-UHFFFAOYSA-N","InChI=1S/C11H14ClN5/c1-11(2)16-9(13)15-10(14)17(11)8-5-3-7(12)4-6-8/h3-6H,1-2H3,(H4,13,14,15,16)","","yes"
"10934","dapsone","","Synthetic organic","yes","","","","405560375","2955","","4-(4-aminophenyl)sulfonylaniline","dapsone","Aczone&reg;|NSC-6091","Nc1ccc(cc1)S(=O)(=O)c1ccc(cc1)N","MQJKPEGWNLWLTK-UHFFFAOYSA-N","InChI=1S/C12H12N2O2S/c13-9-1-5-11(6-2-9)17(15,16)12-7-3-10(14)4-8-12/h1-8H,13-14H2","","yes"
"11455","DDD85646","","Synthetic organic","","","","","440816824","44199337","","2,6-dichloro-4-(2-piperazin-1-ylpyridin-4-yl)-N-(1,3,5-trimethylpyrazol-4-yl)benzenesulfonamide","","compound 1a [PMID: 24451586]|IMP-366","Cc1nn(c(c1NS(=O)(=O)c1c(Cl)cc(cc1Cl)c1ccnc(c1)N1CCNCC1)C)C","XMBSZPZJLPTFMV-UHFFFAOYSA-N","InChI=1S/C21H24Cl2N6O2S/c1-13-20(14(2)28(3)26-13)27-32(30,31)21-17(22)10-16(11-18(21)23)15-4-5-25-19(12-15)29-8-6-24-7-9-29/h4-5,10-12,24,27H,6-9H2,1-3H3","","yes"
"6464","doxycycline","","Synthetic organic","yes","","","","178103078","54671203","","(4S,4aR,5S,5aR,6R,12aR)-4-(dimethylamino)-1,5,10,11,12a-pentahydroxy-6-methyl-3,12-dioxo-4a,5,5a,6-tetrahydro-4H-tetracene-2-carboxamide","doxycycline","BMY-28689|Monodox&reg;|Vibramycin&reg;","CN([C@@H]1C(=O)C(=C([C@@]2([C@H]1[C@@H](O)[C@@H]1[C@@H](C)c3cccc(c3C(=C1C2=O)O)O)O)O)C(=O)N)C","SGKRLCUYIXIAHR-AKNGSSGZSA-N","InChI=1S/C22H24N2O8/c1-7-8-5-4-6-9(25)11(8)16(26)12-10(7)17(27)14-15(24(2)3)18(28)13(21(23)31)20(30)22(14,32)19(12)29/h4-7,10,14-15,17,25-27,30,32H,1-3H3,(H2,23,31)/t7-,10+,14+,15-,17-,22-/m0/s1","yes","yes"
"9644","DSM265","","Synthetic organic","","","","","340590274","51347395","","2-(1,1-difluoroethyl)-5-methyl-N-[4-(pentafluoro-&lambda;6-sulfanyl)phenyl]-[1,2,4]triazolo[1,5-a]pyrimidin-7-amine","","","Cc1cc(Nc2ccc(cc2)S(F)(F)(F)(F)F)n2c(n1)nc(n2)C(F)(F)C","OIZSVTOIBNSVOS-UHFFFAOYSA-N","InChI=1S/C14H12F7N5S/c1-8-7-11(26-13(22-8)24-12(25-26)14(2,15)16)23-9-3-5-10(6-4-9)27(17,18,19,20)21/h3-7,23H,1-2H3","","yes"
"10020","DSM421","","Synthetic organic","","","","","375973210","122552662","","2-(1,1-difluoroethyl)-5-methyl-N-[6-(trifluoromethyl)pyridin-3-yl]-[1,2,4]triazolo[1,5-a]pyrimidin-7-amine","","","Cc1cc(Nc2ccc(nc2)C(F)(F)F)n2c(n1)nc(n2)C(F)(F)C","HDLFZCDEGAWEFX-UHFFFAOYSA-N","InChI=1S/C14H11F5N6/c1-7-5-10(22-8-3-4-9(20-6-8)14(17,18)19)25-12(21-7)23-11(24-25)13(2,15)16/h3-6,22H,1-2H3","","yes"
"11219","DSM502","","Synthetic organic","","","","","434122279","154699462","","N-cyclopropyl-3-methyl-4-[[6-(trifluoromethyl)pyridin-3-yl]methyl]-1H-pyrrole-2-carboxamide","","","O=C(c1[nH]cc(c1C)Cc1ccc(nc1)C(F)(F)F)NC1CC1","AFOVOYRODSYDMK-UHFFFAOYSA-N","InChI=1S/C16H16F3N3O/c1-9-11(8-21-14(9)15(23)22-12-3-4-12)6-10-2-5-13(20-7-10)16(17,18)19/h2,5,7-8,12,21H,3-4,6H2,1H3,(H,22,23)","","yes"
"11554","DSM705","","Synthetic organic","","","","","441604926","155908677","","3-methyl-N-[(1R)-1-(1H-1,2,4-triazol-5-yl)ethyl]-4-[1-[6-(trifluoromethyl)pyridin-3-yl]cyclopropyl]-1H-pyrrole-2-carboxamide","","compound 79","O=C(c1[nH]cc(c1C)C1(CC1)c1ccc(nc1)C(F)(F)F)N[C@@H](c1ncn[nH]1)C","JUBPRXDFKLPILK-LLVKDONJSA-N","InChI=1S/C19H19F3N6O/c1-10-13(8-24-15(10)17(29)27-11(2)16-25-9-26-28-16)18(5-6-18)12-3-4-14(23-7-12)19(20,21)22/h3-4,7-9,11,24H,5-6H2,1-2H3,(H,27,29)(H,25,26,28)/t11-/m1/s1","","yes"
"10465","E209","","Synthetic organic","","","","","385612225","132542931","","1-[2-(4-{dispiro[adamantane-2,2'-[1,3,4,6]tetraoxane-5',1''-cyclohexan]-4''-yl}phenoxy)ethyl]-4-fluoropiperidine","","","FC1CCN(CC1)CCOc1ccc(cc1)C1CCC2(CC1)OOC1(OO2)C2CC3CC1CC(C2)C3","RDWGXWFRQYUDIZ-UHFFFAOYSA-N","InChI=1S/C29H40FNO5/c30-26-7-11-31(12-8-26)13-14-32-27-3-1-22(2-4-27)23-5-9-28(10-6-23)33-35-29(36-34-28)24-16-20-15-21(18-24)19-25(29)17-20/h1-4,20-21,23-26H,5-19H2","","yes"
"10021","ELQ-300","","Synthetic organic","","","","","375973211","67016608","","6-chloro-7-methoxy-2-methyl-3-[4-[4-(trifluoromethoxy)phenoxy]phenyl]-1H-quinolin-4-one","","ELQ300","COc1cc2[nH]c(C)c(c(=O)c2cc1Cl)c1ccc(cc1)Oc1ccc(cc1)OC(F)(F)F","WZDNKHCQIZRDKW-UHFFFAOYSA-N","InChI=1S/C24H17ClF3NO4/c1-13-22(23(30)18-11-19(25)21(31-2)12-20(18)29-13)14-3-5-15(6-4-14)32-16-7-9-17(10-8-16)33-24(26,27)28/h3-12H,1-2H3,(H,29,30)","","yes"
"9972","ferroquine","","Synthetic organic","","","","","374883859","56841801","","","ferroquine","SSR97193","CN(CC1=C(CNc2ccnc3c2ccc(c3)Cl)C=C(C1)[Fe]C1=CC=CC1)C","IRJOHJGUSPNBRI-UHFFFAOYSA-N","InChI=1S/C18H19ClN3.C5H5.Fe/c1-22(2)12-14-5-3-4-13(14)11-21-17-8-9-20-18-10-15(19)6-7-16(17)18;1-2-4-5-3-1;/h4,6-10H,5,11-12H2,1-2H3,(H,20,21);1-3H,4H2;","","yes"
"11797","FNDR-20123","","Synthetic organic","","","","","458923832","50991199","","N-hydroxy-4-[[4-[4-(pyrrolidin-1-ylmethyl)phenyl]triazol-1-yl]methyl]benzamide","","","ONC(=O)c1ccc(cc1)Cn1nnc(c1)c1ccc(cc1)CN1CCCC1","MTAWGBVDXCFYOF-UHFFFAOYSA-N","InChI=1S/C21H23N5O2/c27-21(23-28)19-9-5-17(6-10-19)14-26-15-20(22-24-26)18-7-3-16(4-8-18)13-25-11-1-2-12-25/h3-10,15,28H,1-2,11-14H2,(H,23,27)","","yes"
"8272","forodesine","","Synthetic organic","","","","","252166484","135409409","","7-[(2S,3S,4R,5R)-3,4-dihydroxy-5-(hydroxymethyl)pyrrolidin-2-yl]-1,5-dihydropyrrolo[2,3-e]pyrimidin-4-one","forodesine","BCX-1777|BCX1777|Fodosine&reg; (proposed trade name)|immucillin H|immucillin-H","OC[C@H]1N[C@H]([C@@H]([C@@H]1O)O)c1c[nH]c2c1[nH]cnc2=O","IWKXDMQDITUYRK-KUBHLMPHSA-N","InChI=1S/C11H14N4O4/c16-2-5-9(17)10(18)7(15-5)4-1-12-8-6(4)13-3-14-11(8)19/h1,3,5,7,9-10,12,15-18H,2H2,(H,13,14,19)/t5-,7+,9-,10+/m1/s1","","yes"
"9739","fosmidomycin","","Natural product","","","","","374883827","572","","3-(formyl-hydroxyamino)propylphosphonic acid","fosmidomycin","FR-31564","O=CN(CCCP(=O)(O)O)O","GJXWDTUCERCKIX-UHFFFAOYSA-N","InChI=1S/C4H10NO5P/c6-4-5(7)2-1-3-11(8,9)10/h4,7H,1-3H2,(H2,8,9,10)","","yes"
"9946","ganaplacide","","Synthetic organic","","","","","374883833","49856296","","2-amino-1-[3-(4-fluoroanilino)-2-(4-fluorophenyl)-8,8-dimethyl-5,6-dihydroimidazo[1,2-a]pyrazin-7-yl]ethanone","ganaplacide","GNF156|KAF156","NCC(=O)N1CCn2c(C1(C)C)nc(c2Nc1ccc(cc1)F)c1ccc(cc1)F","BUPRVECGWBHCQV-UHFFFAOYSA-N","InChI=1S/C22H23F2N5O/c1-22(2)21-27-19(14-3-5-15(23)6-4-14)20(26-17-9-7-16(24)8-10-17)28(21)11-12-29(22)18(30)13-25/h3-10,26H,11-13,25H2,1-2H3","","yes"
"10611","GSK030","","Synthetic organic","","","","","404859058","121437257","","2-[[5-(3,5-dichloropyridin-4-yl)-1H-1,2,4-triazol-3-yl]sulfanyl]-1-(1H-indol-3-yl)propan-1-one","","GSK3212030A","CC(C(=O)c1c[nH]c2c1cccc2)Sc1n[nH]c(n1)c1c(Cl)cncc1Cl","BAABPIIOLPSIKR-UHFFFAOYSA-N","InChI=1S/C18H13Cl2N5OS/c1-9(16(26)11-6-22-14-5-3-2-4-10(11)14)27-18-23-17(24-25-18)15-12(19)7-21-8-13(15)20/h2-9,22H,1H3,(H,23,24,25)","","yes"
"10411","GSK369796","","Synthetic organic","","","","","385612172","10316203","","2-[(tert-butylamino)methyl]-5-[(7-chloroquinolin-4-yl)amino]phenol","","N-tert-Butyl isoquine","Clc1ccc2c(c1)nccc2Nc1ccc(c(c1)O)CNC(C)(C)C","ZVMMVSSEAMUNGI-UHFFFAOYSA-N","InChI=1S/C20H22ClN3O/c1-20(2,3)23-12-13-4-6-15(11-19(13)25)24-17-8-9-22-18-10-14(21)5-7-16(17)18/h4-11,23,25H,12H2,1-3H3,(H,22,24)","","yes"
"10019","halofantrine","","Synthetic organic","yes","","","","375973209","37393","","3-(dibutylamino)-1-[1,3-dichloro-6-(trifluoromethyl)phenanthren-9-yl]propan-1-ol","halofantrine","Halfan&reg;|WR-171669","CCCCN(CCC(c1cc2c(Cl)cc(cc2c2c1ccc(c2)C(F)(F)F)Cl)O)CCCC","FOHHNHSLJDZUGQ-UHFFFAOYSA-N","InChI=1S/C26H30Cl2F3NO/c1-3-5-10-32(11-6-4-2)12-9-25(33)23-16-22-21(14-18(27)15-24(22)28)20-13-17(26(29,30)31)7-8-19(20)23/h7-8,13-16,25,33H,3-6,9-12H2,1-2H3","","yes"
"10153","halofuginone","","Synthetic organic","","","","","381118863","62894","","7-bromo-6-chloro-3-[3-(3-hydroxypiperidin-2-yl)-2-oxopropyl]quinazolin-4-one","halofuginone","","O=C(Cn1cnc2c(c1=O)cc(c(c2)Br)Cl)CC1NCCCC1O","LVASCWIMLIKXLA-UHFFFAOYSA-N","InChI=1S/C16H17BrClN3O3/c17-11-6-13-10(5-12(11)18)16(24)21(8-20-13)7-9(22)4-14-15(23)2-1-3-19-14/h5-6,8,14-15,19,23H,1-4,7H2","","yes"
"11255","HTI-1","","Synthetic organic","","","","","434122315","154699468","","(3R,4S,5R,6R)-6-(hydroxymethyl)-4-(8-quinolin-6-yloxyoctoxy)oxane-2,3,5-triol","","compound 1c","OC[C@H]1OC(O)[C@@H]([C@H]([C@@H]1O)OCCCCCCCCOc1ccc2c(c1)cccn2)O","PHDIJLFSKNMCMI-ITGJKDDRSA-N","InChI=1S/C23H33NO7/c25-15-19-20(26)22(21(27)23(28)31-19)30-13-6-4-2-1-3-5-12-29-17-9-10-18-16(14-17)8-7-11-24-18/h7-11,14,19-23,25-28H,1-6,12-13,15H2/t19-,20-,21-,22+,23?/m1/s1","","yes"
"7198","hydroxychloroquine","","Synthetic organic","yes","","","","178103773","3652","","2-({4-[(7-chloroquinolin-4-yl)amino]pentyl}(ethyl)amino)ethan-1-ol","hydroxychloroquine","Dolquine&reg;|Plaquenil&reg;","OCCN(CCCC(Nc1ccnc2c1ccc(c2)Cl)C)CC","XXSMGPRMXLTPCZ-UHFFFAOYSA-N","InChI=1S/C18H26ClN3O/c1-3-22(11-12-23)10-4-5-14(2)21-17-8-9-20-18-13-15(19)6-7-16(17)18/h6-9,13-14,23H,3-5,10-12H2,1-2H3,(H,20,21)","yes","yes"
"11850","IMP-1002","","Synthetic organic","","","","","461663406","138393366","","1-(5-{4-fluoro-2-[2-(1,3,5-trimethyl-1H-pyrazol-4-yl)ethoxy]phenyl}-1-methyl-1H-indazol-3-yl)-N,N-dimethylmethanamine","","","Cc1c(c(nn1C)C)CCOc1c(ccc(c1)F)c1cc2c(cc1)n(nc2CN(C)C)C","YEOAAQMCKFJWKF-UHFFFAOYSA-N","InChI=1S/C25H30FN5O/c1-16-20(17(2)30(5)27-16)11-12-32-25-14-19(26)8-9-21(25)18-7-10-24-22(13-18)23(15-29(3)4)28-31(24)6/h7-10,13-14H,11-12,15H2,1-6H3","","yes"
"11021","indolmycin","","Synthetic organic","","","","","405560462","135417159","","(5S)-5-[(1R)-1-(1H-indol-3-yl)ethyl]-2-methylimino-1,3-oxazolidin-4-one","","PA 155 A|PA-155-A|PA-155A|TAK-083","CN=C1NC(=O)[C@@H](O1)[C@@H](c1c[nH]c2c1cccc2)C","GNTVWGDQPXCYBV-PELKAZGASA-N","InChI=1S/C14H15N3O2/c1-8(12-13(18)17-14(15-2)19-12)10-7-16-11-6-4-3-5-9(10)11/h3-8,12,16H,1-2H3,(H,15,17,18)/t8-,12+/m1/s1","","yes"
"11929","INE963","","Synthetic organic","","","","","461663484","","","4-(aminomethyl)-1-{5-[2-methoxy-6-(propan-2-yl)pyridin-3-yl]imidazo[2,1-b][1,3,4]thiadiazol-2-yl}piperidin-4-ol","","MMV1582617|NVP-INE963","COc1nc(ccc1c1cnc2sc(nn12)N1CCC(O)(CN)CC1)C(C)C","JYHSRMKXBAPFST-UHFFFAOYSA-N","InChI=1S/C19H26N6O2S/c1-12(2)14-5-4-13(16(22-14)27-3)15-10-21-17-25(15)23-18(28-17)24-8-6-19(26,11-20)7-9-24/h4-5,10,12,26H,6-9,11,20H2,1-3H3","","yes"
"10395","JPC-3210","","Synthetic organic","","","","","384403674","90122671","","4-tert-butyl-2-[(tert-butylamino)methyl]-6-[5-fluoro-6-(trifluoromethyl)pyridin-3-yl]phenol","","MMV646|MMV892646","Oc1c(CNC(C)(C)C)cc(cc1c1cnc(c(c1)F)C(F)(F)F)C(C)(C)C","DYULPLHABFGTOQ-UHFFFAOYSA-N","InChI=1S/C21H26F4N2O/c1-19(2,3)14-7-13(11-27-20(4,5)6)17(28)15(9-14)12-8-16(22)18(26-10-12)21(23,24)25/h7-10,27-28H,11H2,1-6H3","","yes"
"11808","JX21108","","Synthetic organic","","","","","458923843","162366977","","2-[7-[(5-cyano-1-methylindol-3-yl)methyl]-2-aza-7-azoniaspiro[4.4]nonan-2-yl]-N-hydroxypyrimidine-5-carboxamide","","","Cn1cc(C[NH+]2CCC3(CCN(c4ncc(C(=O)NO)cn4)C3)C2)c2cc(C#N)ccc12","XYBGCCKUMXSCIP-UHFFFAOYSA-O","InChI=1S/C23H25N7O2/c1-28-12-18(19-8-16(9-24)2-3-20(19)28)13-29-6-4-23(14-29)5-7-30(15-23)22-25-10-17(11-26-22)21(31)27-32/h2-3,8,10-12,32H,4-7,13-15H2,1H3,(H,27,31)/p+1","","yes"
"11945","JX35","","Synthetic organic","","","","","461663500","","","2-{2-[(6-cyano-1-methyl-1H-indol-3-yl)methyl]-2,6-diazaspiro[3.4]octan-6-yl}-N-hydroxypyrimidine-5-carboxamide","","","ONC(=O)c1cnc(N2CC3(CN(Cc4cn(C)c5c4ccc(C#N)c5)C3)CC2)nc1","WBVFFDSDELAGSY-UHFFFAOYSA-N","InChI=1S/C22H23N7O2/c1-27-10-17(18-3-2-15(7-23)6-19(18)27)11-28-12-22(13-28)4-5-29(14-22)21-24-8-16(9-25-21)20(30)26-31/h2-3,6,8-10,31H,4-5,11-14H2,1H3,(H,26,30)","","yes"
"11863","KDU691","","Synthetic organic","","","","","461663419","90157166","","N-(4-chlorophenyl)-N-methyl-3-[4-(methylcarbamoyl)phenyl]imidazo[1,2-a]pyrazine-6-carboxamide","","","CNC(=O)c1ccc(cc1)c1cnc2n1cc(nc2)C(=O)N(C)c1ccc(cc1)Cl","TYMFFISSODJRDV-UHFFFAOYSA-N","InChI=1S/C22H18ClN5O2/c1-24-21(29)15-5-3-14(4-6-15)19-11-26-20-12-25-18(13-28(19)20)22(30)27(2)17-9-7-16(23)8-10-17/h3-13H,1-2H3,(H,24,29)","","yes"
"10216","KH7","","Synthetic organic","","","","","381744898","135496218","","2-(1~{H}-benzimidazol-2-ylsulfanyl)-~{N}-[(~{E})-(5-bromo-2-hydroxyphenyl)methylideneamino]propanamide","","KH 7|KH-7","Brc1ccc(c(c1)/C=N/NC(=O)C(Sc1nc2c([nH]1)cccc2)C)O","WILMXUAKQKGGCC-DJKKODMXSA-N","InChI=1S/C17H15BrN4O2S/c1-10(25-17-20-13-4-2-3-5-14(13)21-17)16(24)22-19-9-11-8-12(18)6-7-15(11)23/h2-10,23H,1H3,(H,20,21)(H,22,24)/b19-9+","","yes"
"11703","L-45","","Synthetic organic","","","","","442878729","131698638","","(1S,2S)-1-N,1-N-dimethyl-2-N-(3-methyl-[1,2,4]triazolo[3,4-a]phthalazin-6-yl)-1-phenylpropane-1,2-diamine","","L-Moses","CN([C@H]([C@@H](Nc1nn2c(C)nnc2c2c1cccc2)C)c1ccccc1)C","MSFPLTWUFWOKBX-IFXJQAMLSA-N","InChI=1S/C21H24N6/c1-14(19(26(3)4)16-10-6-5-7-11-16)22-20-17-12-8-9-13-18(17)21-24-23-15(2)27(21)25-20/h5-14,19H,1-4H3,(H,22,25)/t14-,19+/m0/s1","","yes"
"9969","lumefantrine","","Synthetic organic","yes","","","","374883856","6437380","","2-(dibutylamino)-1-[(9Z)-2,7-dichloro-9-[(4-chlorophenyl)methylidene]fluoren-4-yl]ethanol","lumefantrine","benflumetol","CCCCN(CC(c1cc(Cl)cc2c1c1ccc(cc1/C/2=C/c1ccc(cc1)Cl)Cl)O)CCCC","DYLGFOYVTXJFJP-MYYYXRDXSA-N","InChI=1S/C30H32Cl3NO/c1-3-5-13-34(14-6-4-2)19-29(35)28-18-23(33)17-27-25(15-20-7-9-21(31)10-8-20)26-16-22(32)11-12-24(26)30(27)28/h7-12,15-18,29,35H,3-6,13-14,19H2,1-2H3/b25-15-","","yes"
"5215","luteolin","","Natural product","","","","","178101900","5280445","","2-(3,4-dihydroxyphenyl)-5,7-dihydroxy-4H-chromen-4-one","","","Oc1cc(O)c2c(c1)oc(cc2=O)c1ccc(c(c1)O)O","IQPNAANSBPBGFQ-UHFFFAOYSA-N","InChI=1S/C15H10O6/c16-8-4-11(19)15-12(20)6-13(21-14(15)5-8)7-1-2-9(17)10(18)3-7/h1-6,16-19H","","yes"
"10320","Lys01","","Synthetic organic","","","","","381745001","70673567","","N-(7-chloroquinolin-4-yl)-N'-[2-[(7-chloroquinolin-4-yl)amino]ethyl]-N'-methylethane-1,2-diamine","","compound 3a [PMID: 30344903]","CN(CCNc1ccnc2c1ccc(c2)Cl)CCNc1ccnc2c1ccc(c2)Cl","WDGQVCRQXSYPCW-UHFFFAOYSA-N","InChI=1S/C23H23Cl2N5/c1-30(12-10-28-20-6-8-26-22-14-16(24)2-4-18(20)22)13-11-29-21-7-9-27-23-15-17(25)3-5-19(21)23/h2-9,14-15H,10-13H2,1H3,(H,26,28)(H,27,29)","","yes"
"9737","M5717","","Synthetic organic","","","","","374883826","71748268","","6-fluoro-2-[4-(morpholin-4-ylmethyl)phenyl]-N-(2-pyrrolidin-1-ylethyl)quinoline-4-carboxamide","cabamiquine","DDD107498|DDD498|MMV121","Fc1ccc2c(c1)c(cc(n2)c1ccc(cc1)CN1CCOCC1)C(=O)NCCN1CCCC1","BENUHBSJOJMZEE-UHFFFAOYSA-N","InChI=1S/C27H31FN4O2/c28-22-7-8-25-23(17-22)24(27(33)29-9-12-31-10-1-2-11-31)18-26(30-25)21-5-3-20(4-6-21)19-32-13-15-34-16-14-32/h3-8,17-18H,1-2,9-16,19H2,(H,29,33)","","yes"
"4252","mefloquine","","Synthetic organic","yes","","","","178101069","4046","","[2,8-bis(trifluoromethyl)quinolin-4-yl]-piperidin-2-ylmethanol","mefloquine","GNF-Pf-5544|Lariam&reg;|Ro-21-5998-001|WR-142490","OC(c1cc(nc2c1cccc2C(F)(F)F)C(F)(F)F)C1CCCCN1","XEEQGYMUWCZPDN-UHFFFAOYSA-N","InChI=1S/C17H16F6N2O/c18-16(19,20)11-5-3-4-9-10(15(26)12-6-1-2-7-24-12)8-13(17(21,22)23)25-14(9)11/h3-5,8,12,15,24,26H,1-2,6-7H2","","yes"
"10172","mepacrine","","Synthetic organic","","","","","381118882","237","","N'-(6-chloro-2-methoxyacridin-9-yl)-N,N-diethylpentane-1,4-diamine","mepacrine","Atabrine&reg;|quinacrine","CCN(CCCC(Nc1c2cc(OC)ccc2nc2c1ccc(c2)Cl)C)CC","GPKJTRJOBQGKQK-UHFFFAOYSA-N","InChI=1S/C23H30ClN3O/c1-5-27(6-2)13-7-8-16(3)25-23-19-11-9-17(24)14-22(19)26-21-12-10-18(28-4)15-20(21)23/h9-12,14-16H,5-8,13H2,1-4H3,(H,25,26)","yes","yes"
"11026","meplazumab","","Antibody","","","","","405560467","","","","","HP6H8|Ketantin&reg;","","","","","yes"
"11318","methnaridine","","Synthetic organic","","","","","434321753","154733036","","4-[(7-chloro-2-methoxybenzo[b][1,5]naphthyridin-10-yl)amino]-2,6-bis[(dimethylamino)methyl]phenol","","","COc1ccc2c(n1)c(Nc1cc(CN(C)C)c(c(c1)CN(C)C)O)c1c(n2)cc(cc1)Cl","CYNAGHGKNNKEIO-UHFFFAOYSA-N","InChI=1S/C25H28ClN5O2/c1-30(2)13-15-10-18(11-16(25(15)32)14-31(3)4)27-23-19-7-6-17(26)12-21(19)28-20-8-9-22(33-5)29-24(20)23/h6-12,32H,13-14H2,1-5H3,(H,27,28)","","yes"
"10410","MK-4815","","Synthetic organic","","","","","385612171","10354063","","2-(aminomethyl)-3,5-ditert-butylphenol","","MK4815","NCc1c(O)cc(cc1C(C)(C)C)C(C)(C)C","ZUSLEOOZAITYGH-UHFFFAOYSA-N","InChI=1S/C15H25NO/c1-14(2,3)10-7-12(15(4,5)6)11(9-16)13(17)8-10/h7-8,17H,9,16H2,1-6H3","","yes"
"10225","ML10","","Synthetic organic","","","","","381744907","137553160","","N-[5-[3-[2-(cyclopropylmethyl)pyrimidin-4-yl]-7-[(dimethylamino)methyl]-6-methylimidazo[1,2-a]pyridin-2-yl]-2-fluorophenyl]methanesulfonamide","","","CN(Cc1cc2nc(c(n2cc1C)c1ccnc(n1)CC1CC1)c1ccc(c(c1)NS(=O)(=O)C)F)C","VRZZXBIIWWZFEI-UHFFFAOYSA-N","InChI=1S/C26H29FN6O2S/c1-16-14-33-24(13-19(16)15-32(2)3)30-25(18-7-8-20(27)22(12-18)31-36(4,34)35)26(33)21-9-10-28-23(29-21)11-17-5-6-17/h7-10,12-14,17,31H,5-6,11,15H2,1-4H3","","yes"
"9584","ML324","","Synthetic organic","","","","","340590215","44143209","","N-[3-(dimethylamino)propyl]-4-(8-hydroxyquinolin-6-yl)benzamide","","ML-324|MMV1580488","CN(CCCNC(=O)c1ccc(cc1)c1cc(O)c2c(c1)cccn2)C","QDBVSOZTVKXUES-UHFFFAOYSA-N","InChI=1S/C21H23N3O2/c1-24(2)12-4-11-23-21(26)16-8-6-15(7-9-16)18-13-17-5-3-10-22-20(17)19(25)14-18/h3,5-10,13-14,25H,4,11-12H2,1-2H3,(H,23,26)","yes","yes"
"10229","MMV008138","","Synthetic organic","","","","","381744911","2829106","","1-(2,4-dichlorophenyl)-2,3,4,9-tetrahydro-1H-pyrido[5,4-b]indole-3-carboxylic acid","","GNF-Pf-4188|TCMDC-125815","Clc1ccc(c(c1)Cl)C1NC(Cc2c1[nH]c1c2cccc1)C(=O)O","ZJDRIKAAFJMYGX-UHFFFAOYSA-N","InChI=1S/C18H14Cl2N2O2/c19-9-5-6-11(13(20)7-9)16-17-12(8-15(22-16)18(23)24)10-3-1-2-4-14(10)21-17/h1-7,15-16,21-22H,8H2,(H,23,24)","","yes"
"11463","MMV009108","","Synthetic organic","","","","","440816832","2297659","","4-[2-[(3,4-dimethylphenyl)amino]-1,3-thiazol-4-yl]-N,N-diethylbenzenesulfonamide","","GNF-Pf-3616","CCN(S(=O)(=O)c1ccc(cc1)c1csc(n1)Nc1ccc(c(c1)C)C)CC","CFAYJTHICHSZHC-UHFFFAOYSA-N","InChI=1S/C21H25N3O2S2/c1-5-24(6-2)28(25,26)19-11-8-17(9-12-19)20-14-27-21(23-20)22-18-10-7-15(3)16(4)13-18/h7-14H,5-6H2,1-4H3,(H,22,23)","","yes"
"11456","MMV019313","","Synthetic organic","","","","","440816825","20857481","","N-[3-(azepan-1-yl)propyl]-5-methyl-4-oxothieno[3,2-c]quinoline-2-carboxamide","","TCMDC-123889","O=C(c1cc2c(s1)c1ccccc1n(c2=O)C)NCCCN1CCCCCC1","NVFMMXVDSJFVNO-UHFFFAOYSA-N","InChI=1S/C22H27N3O2S/c1-24-18-10-5-4-9-16(18)20-17(22(24)27)15-19(28-20)21(26)23-11-8-14-25-12-6-2-3-7-13-25/h4-5,9-10,15H,2-3,6-8,11-14H2,1H3,(H,23,26)","","yes"
"10017","MMV024101","","Synthetic organic","","","","","375973207","25127876","","5-[8-(1H-pyrazol-4-yl)-1,5-naphthyridin-2-yl]pyridine-3-sulfonamide","","compound 8 [PMID: 29889526]","NS(=O)(=O)c1cncc(c1)c1ccc2c(n1)c(ccn2)c1c[nH]nc1","GTWOKQIGBJADIZ-UHFFFAOYSA-N","InChI=1S/C16H12N6O2S/c17-25(23,24)12-5-10(6-18-9-12)14-1-2-15-16(22-14)13(3-4-19-15)11-7-20-21-8-11/h1-9H,(H,20,21)(H2,17,23,24)","","yes"
"11201","MMV030084","","Synthetic organic","","","","","434122261","22185475","","5-[2-(1-amino-2-methylpropan-2-yl)-5-pyridin-4-yl-1H-imidazol-4-yl]-2-chlorophenol","","TCMDC-140369","NCC(c1nc(c([nH]1)c1ccc(c(c1)O)Cl)c1ccncc1)(C)C","YRHGMGAVJILIGS-UHFFFAOYSA-N","InChI=1S/C18H19ClN4O/c1-18(2,10-20)17-22-15(11-5-7-21-8-6-11)16(23-17)12-3-4-13(19)14(24)9-12/h3-9,24H,10,20H2,1-2H3,(H,22,23)","","yes"
"9726","MMV048","","Synthetic organic","","","","","374883825","53311393","","5-(4-methylsulfonylphenyl)-3-[6-(trifluoromethyl)pyridin-3-yl]pyridin-2-amine","","MMV390048","Nc1ncc(cc1c1ccc(nc1)C(F)(F)F)c1ccc(cc1)S(=O)(=O)C","RTJQABCNNLMCJF-UHFFFAOYSA-N","InChI=1S/C18H14F3N3O2S/c1-27(25,26)14-5-2-11(3-6-14)13-8-15(17(22)24-10-13)12-4-7-16(23-9-12)18(19,20)21/h2-10H,1H3,(H2,22,24)","","yes"
"11824","MMV1803022","","Synthetic organic","","","","","458923859","162366983","","1-(3,4-difluorophenyl)-2-[[3-[4-[(2-methylpropan-2-yl)oxy]phenyl]-[1,2,4]triazolo[4,3-a]pyrazin-5-yl]oxy]ethanol","","","CC(C)(C)Oc1ccc(cc1)c1nnc2cncc(OCC(O)c3cc(F)c(F)cc3)n12","YXNHLRADFLNVIV-UHFFFAOYSA-N","InChI=1S/C23H22F2N4O3/c1-23(2,3)32-16-7-4-14(5-8-16)22-28-27-20-11-26-12-21(29(20)22)31-13-19(30)15-6-9-17(24)18(25)10-15/h4-12,19,30H,13H2,1-3H3","","yes"
"10024","MMV253","","Synthetic organic","","","","","375973213","92045019","","2-N-(4-cyclopropyl-5-fluoro-6-methylpyridin-2-yl)-5-[(3R)-3,4-dimethylpiperazin-1-yl]-4-N-(1,5-dimethylpyrazol-3-yl)pyrimidine-2,4-diamine","","AZ13721412|MMV674253|ZY19489","C[C@@H]1CN(CCN1C)c1cnc(nc1Nc1cc(n(n1)C)C)Nc1nc(C)c(c(c1)C1CC1)F","HKPQFVAUXAZCDY-OAHLLOKOSA-N","InChI=1S/C24H32FN9/c1-14-10-21(31-33(14)5)28-23-19(34-9-8-32(4)15(2)13-34)12-26-24(30-23)29-20-11-18(17-6-7-17)22(25)16(3)27-20/h10-12,15,17H,6-9,13H2,1-5H3,(H2,26,27,28,29,30,31)/t15-/m1/s1","","yes"
"11704","MMV688533","","Synthetic organic","","","","","442878730","137380252","","5-[2-[3-(diaminomethylidenecarbamoyl)-5-(trifluoromethyl)phenyl]ethynyl]-N-pyridin-2-yl-2-(trifluoromethyl)benzamide","","MMV533|SAR121|SAR441121","NC(=N)NC(=O)c1cc(C#Cc2ccc(c(c2)C(=O)Nc2ccccn2)C(F)(F)F)cc(c1)C(F)(F)F","GGTONGQHYUQSBR-UHFFFAOYSA-N","InChI=1S/C24H15F6N5O2/c25-23(26,27)16-10-14(9-15(12-16)20(36)35-22(31)32)5-4-13-6-7-18(24(28,29)30)17(11-13)21(37)34-19-3-1-2-8-33-19/h1-3,6-12H,(H,33,34,37)(H4,31,32,35,36)","","yes"
"11466","MMV689258","","Synthetic organic","","","","","440816835","155817524","","(2S)-N-[(2R)-2-[3-(2-fluorophenyl)propanoylamino]propyl]-2,4-dihydroxy-3,3-dimethylbutanamide","","","OCC([C@@H](C(=O)NC[C@H](NC(=O)CCc1ccccc1F)C)O)(C)C","HCDITNRDWJWQAL-MLGOLLRUSA-N","InChI=1S/C18H27FN2O4/c1-12(10-20-17(25)16(24)18(2,3)11-22)21-15(23)9-8-13-6-4-5-7-14(13)19/h4-7,12,16,22,24H,8-11H2,1-3H3,(H,20,25)(H,21,23)/t12-,16-/m1/s1","","yes"
"11796","MMV693183","","Synthetic organic","","","","","458923831","153632137","","N-[(2S)-1-[[(2R)-2,4-dihydroxy-3,3-dimethylbutanoyl]amino]propan-2-yl]-2,4,5-trifluorobenzamide","","","OCC([C@H](C(=O)NC[C@@H](NC(=O)c1cc(F)c(cc1F)F)C)O)(C)C","PRPWMPIRTLCTSC-SDBXPKJASA-N","InChI=1S/C16H21F3N2O4/c1-8(6-20-15(25)13(23)16(2,3)7-22)21-14(24)9-4-11(18)12(19)5-10(9)17/h4-5,8,13,22-23H,6-7H2,1-3H3,(H,20,25)(H,21,24)/t8-,13-/m0/s1","","yes"
"11825","MMV897698","","Synthetic organic","","","","","458923860","162345713","","3-[4-(difluoromethoxy)phenyl]-5-(2-phenylethoxy)-[1,2,4]triazolo[4,3-a]pyrazine","","compound 6 [PMID: 32678591]|OSM-S-369","FC(F)Oc1ccc(cc1)c1nnc2cncc(OCCc3ccccc3)n12","AVBCIJLYABLIRW-UHFFFAOYSA-N","InChI=1S/C20H16F2N4O2/c21-20(22)28-16-8-6-15(7-9-16)19-25-24-17-12-23-13-18(26(17)19)27-11-10-14-4-2-1-3-5-14/h1-9,12-13,20H,10-11H2","","yes"
"10916","mupirocin","","Synthetic organic","yes","","","","405560357","446596","","9-[(E)-4-[(2S,3R,4R,5S)-3,4-dihydroxy-5-[[(2S,3S)-3-[(2S,3S)-3-hydroxybutan-2-yl]oxiran-2-yl]methyl]oxan-2-yl]-3-methylbut-2-enoyl]oxynonanoic acid","mupirocin","Bactroban&reg;|BRL-4910A|BRL-4910F|Centany&reg;","OC(=O)CCCCCCCCOC(=O)/C=C(/C[C@@H]1OC[C@@H]([C@H]([C@H]1O)O)C[C@@H]1O[C@H]1[C@H]([C@@H](O)C)C)\C","MINDHVHHQZYEEK-HBBNESRFSA-N","InChI=1S/C26H44O9/c1-16(13-23(30)33-11-9-7-5-4-6-8-10-22(28)29)12-20-25(32)24(31)19(15-34-20)14-21-26(35-21)17(2)18(3)27/h13,17-21,24-27,31-32H,4-12,14-15H2,1-3H3,(H,28,29)/b16-13+/t17-,18-,19-,20-,21-,24+,25-,26-/m0/s1","","yes"
"10396","naphthoquine","","Synthetic organic","","","","","384403675","9851775","","2-[(tert-butylamino)methyl]-4-[(7-chloroquinolin-4-yl)amino]-5,6,7,8-tetrahydronaphthalen-1-ol","","","Clc1ccc2c(c1)nccc2Nc1cc(CNC(C)(C)C)c(c2c1CCCC2)O","VEVMYTDOWUQLGI-UHFFFAOYSA-N","InChI=1S/C24H28ClN3O/c1-24(2,3)27-14-15-12-22(17-6-4-5-7-18(17)23(15)29)28-20-10-11-26-21-13-16(25)8-9-19(20)21/h8-13,27,29H,4-7,14H2,1-3H3,(H,26,28)","","yes"
"11822","NCATS-SM3710","","Synthetic organic","","","","","458923857","134438151","","4-[9-(4-chlorophenyl)-2-oxobenzo[h][1,6]naphthyridin-1-yl]-N-cyclopropylbenzamide","","","Clc1ccc(cc1)c1ccc2ncc3c(n(c(=O)cc3)c3ccc(cc3)C(=O)NC3CC3)c2c1","VPSFQPBONOUNSO-UHFFFAOYSA-N","InChI=1S/C28H20ClN3O2/c29-21-7-1-17(2-8-21)19-5-13-25-24(15-19)27-20(16-30-25)6-14-26(33)32(27)23-11-3-18(4-12-23)28(34)31-22-9-10-22/h1-8,11-16,22H,9-10H2,(H,31,34)","","yes"
"10393","NPC1161B","","Synthetic organic","","","","","384403672","16126827","","(4R)-N-[5-(3,4-dichlorophenoxy)-6-methoxy-4-methylquinolin-8-yl]pentane-1,4-diamine","","NPC-1161B","NCCC[C@H](Nc1cc(OC)c(c2c1nccc2C)Oc1ccc(c(c1)Cl)Cl)C","UEFVAUCKVCFRDW-CQSZACIVSA-N","InChI=1S/C22H25Cl2N3O2/c1-13-8-10-26-21-18(27-14(2)5-4-9-25)12-19(28-3)22(20(13)21)29-15-6-7-16(23)17(24)11-15/h6-8,10-12,14,27H,4-5,9,25H2,1-3H3/t14-/m1/s1","","yes"
"9708","OSM-S-38","","Synthetic organic","","","","","348353667","136065646","","(5Z)-2-anilino-5-[[2,5-dimethyl-1-[4-(trifluoromethyl)phenyl]pyrrol-3-yl]methylidene]-1,3-thiazol-4-one","","","FC(c1ccc(cc1)n1c(C)cc(c1C)/C=C/1\SC(=NC1=O)Nc1ccccc1)(F)F","YBBWTVGRVHTTDD-MOSHPQCFSA-N","InChI=1S/C23H18F3N3OS/c1-14-12-16(15(2)29(14)19-10-8-17(9-11-19)23(24,25)26)13-20-21(30)28-22(31-20)27-18-6-4-3-5-7-18/h3-13H,1-2H3,(H,27,28,30)/b20-13-","","yes"
"9740","P218","","Synthetic organic","","","","","374883828","66563688","","3-[2-[3-(2,4-diamino-6-ethylpyrimidin-5-yl)oxypropoxy]phenyl]propanoic acid","","MMV000147","CCc1nc(N)nc(c1OCCCOc1ccccc1CCC(=O)O)N","VDGXZSSDCDPCRF-UHFFFAOYSA-N","InChI=1S/C18H24N4O4/c1-2-13-16(17(19)22-18(20)21-13)26-11-5-10-25-14-7-4-3-6-12(14)8-9-15(23)24/h3-4,6-7H,2,5,8-11H2,1H3,(H,23,24)(H4,19,20,21,22)","","yes"
"10415","PA21A092","","Synthetic organic","","","","","385612175","85470655","","N-[4-(4-chloro-2-fluorophenyl)-2,5-dimethylpyrazol-3-yl]-2-(2-propan-2-ylbenzimidazol-1-yl)acetamide","","PA92","O=C(Nc1n(C)nc(c1c1ccc(cc1F)Cl)C)Cn1c(nc2c1cccc2)C(C)C","AXHVMTZWSKDPRR-UHFFFAOYSA-N","InChI=1S/C23H23ClFN5O/c1-13(2)22-26-18-7-5-6-8-19(18)30(22)12-20(31)27-23-21(14(3)28-29(23)4)16-10-9-15(24)11-17(16)25/h5-11,13H,12H2,1-4H3,(H,27,31)","","yes"
"7489","panobinostat","","Synthetic organic","yes","","","","187051792","6918837","","(E)-N-hydroxy-3-[4-[[2-(2-methyl-1H-indol-3-yl)ethylamino]methyl]phenyl]prop-2-enamide","panobinostat","Farydak&reg;|LBH-589|LBH589","ONC(=O)/C=C/c1ccc(cc1)CNCCc1c(C)[nH]c2c1cccc2","FPOHNWQLNRZRFC-ZHACJKMWSA-N","InChI=1S/C21H23N3O2/c1-15-18(19-4-2-3-5-20(19)23-15)12-13-22-14-17-8-6-16(7-9-17)10-11-21(25)24-26/h2-11,22-23,26H,12-14H2,1H3,(H,24,25)/b11-10+","","yes"
"10025","piperaquine","","Synthetic organic","yes","","","","375973214","122262","","7-chloro-4-[4-[3-[4-(7-chloroquinolin-4-yl)piperazin-1-yl]propyl]piperazin-1-yl]quinoline","","","Clc1ccc2c(c1)nccc2N1CCN(CC1)CCCN1CCN(CC1)c1ccnc2c1ccc(c2)Cl","UCRHFBCYFMIWHC-UHFFFAOYSA-N","InChI=1S/C29H32Cl2N6/c30-22-2-4-24-26(20-22)32-8-6-28(24)36-16-12-34(13-17-36)10-1-11-35-14-18-37(19-15-35)29-7-9-33-27-21-23(31)3-5-25(27)29/h2-9,20-21H,1,10-19H2","","yes"
"9952","primaquine","","Synthetic organic","yes","","","","374883839","4908","","N-(6-methoxyquinolin-8-yl)pentane-1,4-diamine","primaquine","","NCCCC(Nc1cc(OC)cc2c1nccc2)C","INDBQLZJXZLFIT-UHFFFAOYSA-N","InChI=1S/C15H21N3O/c1-11(5-3-7-16)18-14-10-13(19-2)9-12-6-4-8-17-15(12)14/h4,6,8-11,18H,3,5,7,16H2,1-2H3","","yes"
"9676","proguanil","","Synthetic organic","yes","","","","348353635","6178111","","(1E)-1-[amino-(4-chloroanilino)methylidene]-2-propan-2-ylguanidine","proguanil","Bigumal&reg;|chloroguanide|Paludrine&reg;","CC(N=C(/N=C(/Nc1ccc(cc1)Cl)\N)N)C","SSOLNOMRVKKSON-UHFFFAOYSA-N","InChI=1S/C11H16ClN5/c1-7(2)15-10(13)17-11(14)16-9-5-3-8(12)4-6-9/h3-7H,1-2H3,(H5,13,14,15,16,17)","","yes"
"4800","pyrimethamine","","Synthetic organic","yes","","","","178101502","4993","","5-(4-chlorophenyl)-6-ethylpyrimidine-2,4-diamine","pyrimethamine","Daraprim&reg;|GNF-Pf-5586|TCMDC-125860","CCc1nc(N)nc(c1c1ccc(cc1)Cl)N","WKSAUQYGYAYLPV-UHFFFAOYSA-N","InChI=1S/C12H13ClN4/c1-2-9-10(11(14)17-12(15)16-9)7-3-5-8(13)6-4-7/h3-6H,2H2,1H3,(H4,14,15,16,17)","","yes"
"10086","pyronaridine","","Synthetic organic","","","","","381118796","107771","","4-[(7-chloro-2-methoxybenzo[b][1,5]naphthyridin-10-yl)amino]-2,6-bis(pyrrolidin-1-ylmethyl)phenol","pyronaridine","7351|Malaridine&reg;","COc1ccc2c(n1)c(Nc1cc(CN3CCCC3)c(c(c1)CN1CCCC1)O)c1c(n2)cc(cc1)Cl","DJUFPMUQJKWIJB-UHFFFAOYSA-N","InChI=1S/C29H32ClN5O2/c1-37-26-9-8-24-28(33-26)27(23-7-6-21(30)16-25(23)32-24)31-22-14-19(17-34-10-2-3-11-34)29(36)20(15-22)18-35-12-4-5-13-35/h6-9,14-16,36H,2-5,10-13,17-18H2,1H3,(H,31,32)","","yes"
"2342","quinidine","","Natural product","yes","","","","135650872","441074","","(S)-[(4S,5R,7R)-5-ethenyl-1-azabicyclo[2.2.2]octan-7-yl]-(6-methoxyquinolin-4-yl)methanol","","Quinaglute&reg;|Quinidex&reg;|quinidine hydrochloride","C=C[C@H]1CN2CC[C@H]1C[C@@H]2[C@H](c1ccnc2c1cc(OC)cc2)O","LOUPRKONTZGTKE-LHHVKLHASA-N","InChI=1S/C20H24N2O2/c1-3-13-12-22-9-7-14(13)10-19(22)20(23)16-6-8-21-18-5-4-15(24-2)11-17(16)18/h3-6,8,11,13-14,19-20,23H,1,7,9-10,12H2,2H3/t13-,14-,19+,20-/m0/s1","","yes"
"2510","quinine","","Natural product","yes","","","","135652709","3034034","","(R)-[(4S,5R,7S)-5-ethenyl-1-azabicyclo[2.2.2]octan-7-yl]-(6-methoxyquinolin-4-yl)methanol","","GNF-Pf-506|Qualaquin&reg;|Quinate&reg;|quinine bisulphate|quinine sulfate","C=C[C@H]1CN2CC[C@H]1C[C@H]2[C@@H](c1ccnc2c1cc(OC)cc2)O","LOUPRKONTZGTKE-WZBLMQSHSA-N","InChI=1S/C20H24N2O2/c1-3-13-12-22-9-7-14(13)10-19(22)20(23)16-6-8-21-18-5-4-15(24-2)11-17(16)18/h3-6,8,11,13-14,19-20,23H,1,7,9-10,12H2,2H3/t13-,14-,19-,20+/m0/s1","","yes"
"7503","quisinostat","","Synthetic organic","","","","","187051805","11538455","","N-hydroxy-2-[4-[[(1-methylindol-3-yl)methylamino]methyl]piperidin-1-yl]pyrimidine-5-carboxamide","quisinostat","JNJ-26481585","ONC(=O)c1cnc(nc1)N1CCC(CC1)CNCc1cn(c2c1cccc2)C","PAWIYAYFNXQGAP-UHFFFAOYSA-N","InChI=1S/C21H26N6O2/c1-26-14-17(18-4-2-3-5-19(18)26)11-22-10-15-6-8-27(9-7-15)21-23-12-16(13-24-21)20(28)25-29/h2-5,12-15,22,29H,6-11H2,1H3,(H,25,28)","","yes"
"10175","SC83288","","Synthetic organic","","","","","381118885","57496162","","methyl 4-[3-[[4-[(4-sulfamoylphenyl)methylsulfamoyl]phenyl]carbamoylamino]benzenecarboximidoyl]piperazine-1-carboxylate","","","COC(=O)N1CCN(CC1)C(=N)c1cccc(c1)NC(=O)Nc1ccc(cc1)S(=O)(=O)NCc1ccc(cc1)S(=O)(=O)N","UJKWTQWUYKHLGQ-UHFFFAOYSA-N","InChI=1S/C27H31N7O7S2/c1-41-27(36)34-15-13-33(14-16-34)25(28)20-3-2-4-22(17-20)32-26(35)31-21-7-11-24(12-8-21)43(39,40)30-18-19-5-9-23(10-6-19)42(29,37)38/h2-12,17,28,30H,13-16,18H2,1H3,(H2,29,37,38)(H2,31,32,35)","","yes"
"7529","SGC-CBP30","","Synthetic organic","","","","","187051830","72201027","","2-[2-(3-chloro-4-methoxyphenyl)ethyl]-5-(dimethyl-1,2-oxazol-4-yl)-1-[(2S)-2-(morpholin-4-yl)propyl]-1H-1,3-benzodiazole","","","COc1ccc(cc1Cl)CCc1nc2c(n1C[C@@H](N1CCOCC1)C)ccc(c2)c1c(C)noc1C","GEPYBHCJBORHCE-SFHVURJKSA-N","InChI=1S/C28H33ClN4O3/c1-18(32-11-13-35-14-12-32)17-33-25-8-7-22(28-19(2)31-36-20(28)3)16-24(25)30-27(33)10-6-21-5-9-26(34-4)23(29)15-21/h5,7-9,15-16,18H,6,10-14,17H2,1-4H3/t18-/m0/s1","yes","yes"
"9723","(+)-SJ733","","Synthetic organic","","","","","374883824","89508529","","(3S,4S)-N-(3-cyano-4-fluorophenyl)-1-oxo-3-pyridin-3-yl-2-(2,2,2-trifluoroethyl)-3,4-dihydroisoquinoline-4-carboxamide","","(+)-SJ000557733|(+)-SJ557733","N#Cc1cc(ccc1F)NC(=O)[C@H]1c2ccccc2C(=O)N([C@@H]1c1cccnc1)CC(F)(F)F","VKCPFWKTFZAOTO-LEWJYISDSA-N","InChI=1S/C24H16F4N4O2/c25-19-8-7-16(10-15(19)11-29)31-22(33)20-17-5-1-2-6-18(17)23(34)32(13-24(26,27)28)21(20)14-4-3-9-30-12-14/h1-10,12,20-21H,13H2,(H,31,33)/t20-,21+/m0/s1","","yes"
"7997","SQ-109","","Synthetic organic","","","","","249565677","5274428","","N'-(2-adamantyl)-N-[(2E)-3,7-dimethylocta-2,6-dienyl]ethane-1,2-diamine","","MMV687273|SQ 109|SQ109","C/C(=C\CNCCNC1C2CC3CC1CC(C2)C3)/CCC=C(C)C","JFIBVDBTCDTBRH-REZTVBANSA-N","InChI=1S/C22H38N2/c1-16(2)5-4-6-17(3)7-8-23-9-10-24-22-20-12-18-11-19(14-20)15-21(22)13-18/h5,7,18-24H,4,6,8-15H2,1-3H3/b17-7+","","yes"
"10173","sulfadoxine","","Synthetic organic","yes","","","","381118883","17134","","4-amino-N-(5,6-dimethoxypyrimidin-4-yl)benzenesulfonamide","sulfadoxine","sulphadoxine","COc1c(OC)ncnc1NS(=O)(=O)c1ccc(cc1)N","PJSFRIWCGOHTNF-UHFFFAOYSA-N","InChI=1S/C12H14N4O4S/c1-19-10-11(14-7-15-12(10)20-2)16-21(17,18)9-5-3-8(13)4-6-9/h3-7H,13H2,1-2H3,(H,14,15,16)","","yes"
"10174","sulfalene","","Synthetic organic","","","","","381118884","9047","","4-amino-N-(3-methoxypyrazin-2-yl)benzenesulfonamide","sulfalene","Kelfizine&reg;|sulfamethopyrazine|sulfamethoxypyrazine|sulfametopyrazine","COc1nccnc1NS(=O)(=O)c1ccc(cc1)N","KXRZBTAEDBELFD-UHFFFAOYSA-N","InChI=1S/C11H12N4O3S/c1-18-11-10(13-6-7-14-11)15-19(16,17)9-4-2-8(12)3-5-9/h2-7H,12H2,1H3,(H,13,15)","","yes"
"9722","tafenoquine","","Synthetic organic","yes","","","","374883823","115358","","N-[2,6-dimethoxy-4-methyl-5-[3-(trifluoromethyl)phenoxy]quinolin-8-yl]pentane-1,4-diamine","tafenoquine","Arakoda&reg;|etaquine|Krintafel&reg;|WR238605","NCCCC(Nc1cc(OC)c(c2c1nc(OC)cc2C)Oc1cccc(c1)C(F)(F)F)C","LBHLFPGPEGDCJG-UHFFFAOYSA-N","InChI=1S/C24H28F3N3O3/c1-14-11-20(32-4)30-22-18(29-15(2)7-6-10-28)13-19(31-3)23(21(14)22)33-17-9-5-8-16(12-17)24(25,26)27/h5,8-9,11-13,15,29H,6-7,10,28H2,1-4H3","","yes"
"10339","TCMDC-125163","","Synthetic organic","","","","","381745020","44522281","","6-(2-methylpiperidin-1-yl)sulfonyl-N-(3,4,5-trimethoxyphenyl)quinolin-2-amine","","","COc1cc(Nc2ccc3c(n2)ccc(c3)S(=O)(=O)N2CCCCC2C)cc(c1OC)OC","AMPNVQJPVKIKEY-UHFFFAOYSA-N","InChI=1S/C24H29N3O5S/c1-16-7-5-6-12-27(16)33(28,29)19-9-10-20-17(13-19)8-11-23(26-20)25-18-14-21(30-2)24(32-4)22(15-18)31-3/h8-11,13-16H,5-7,12H2,1-4H3,(H,25,26)","","yes"
"11109","TCMDC-135051","","Synthetic organic","","","","","434122169","44528327","","4-[2-[3-(diethylaminomethyl)-2-methoxyphenyl]-1H-pyrrolo[2,3-b]pyridin-4-yl]-2-propan-2-ylbenzoic acid","","","CCN(Cc1cccc(c1OC)c1cc2c([nH]1)nccc2c1ccc(c(c1)C(C)C)C(=O)O)CC","LVVFYPXMXIDWRP-UHFFFAOYSA-N","InChI=1S/C29H33N3O3/c1-6-32(7-2)17-20-9-8-10-23(27(20)35-5)26-16-25-21(13-14-30-28(25)31-26)19-11-12-22(29(33)34)24(15-19)18(3)4/h8-16,18H,6-7,17H2,1-5H3,(H,30,31)(H,33,34)","","yes"
"10392","tebuquine","","Synthetic organic","","","","","384403671","71991","","2-[(tert-butylamino)methyl]-6-(4-chlorophenyl)-4-[(7-chloroquinolin-4-yl)amino]phenol","tebuquine","WR 228,258","Clc1ccc(cc1)c1cc(cc(c1O)CNC(C)(C)C)Nc1ccnc2c1ccc(c2)Cl","BCHMRNALCJISMZ-UHFFFAOYSA-N","InChI=1S/C26H25Cl2N3O/c1-26(2,3)30-15-17-12-20(14-22(25(17)32)16-4-6-18(27)7-5-16)31-23-10-11-29-24-13-19(28)8-9-21(23)24/h4-14,30,32H,15H2,1-3H3,(H,29,31)","","yes"
"10093","UCT943","","Synthetic organic","","","","","381118803","71711915","","[4-[5-amino-6-[4-(trifluoromethyl)phenyl]pyrazin-2-yl]phenyl]-piperazin-1-ylmethanone","","","Nc1ncc(nc1c1ccc(cc1)C(F)(F)F)c1ccc(cc1)C(=O)N1CCNCC1","GGOFGCMPKAWHEZ-UHFFFAOYSA-N","InChI=1S/C22H20F3N5O/c23-22(24,25)17-7-5-15(6-8-17)19-20(26)28-13-18(29-19)14-1-3-16(4-2-14)21(31)30-11-9-27-10-12-30/h1-8,13,27H,9-12H2,(H2,26,28)","","yes"
"10616","WEHI-842","","Synthetic organic","","","","","404859063","85470898","","benzyl N-[(2S)-4-(diaminomethylideneamino)oxy-1-[[(2S)-1-[[(3S,4S)-3-hydroxy-6-methyl-1-oxo-1-(2-phenylethylamino)heptan-4-yl]amino]-3-methyl-1-oxobutan-2-yl]amino]-1-oxobutan-2-yl]carbamate","","","NC(=NOCC[C@@H](C(=O)N[C@H](C(=O)N[C@H]([C@H](CC(=O)NCCc1ccccc1)O)CC(C)C)C(C)C)NC(=O)OCc1ccccc1)N","VAHRPHLZONNTFF-NUISNXNRSA-N","InChI=1S/C34H51N7O7/c1-22(2)19-27(28(42)20-29(43)37-17-15-24-11-7-5-8-12-24)38-32(45)30(23(3)4)40-31(44)26(16-18-48-41-33(35)36)39-34(46)47-21-25-13-9-6-10-14-25/h5-14,22-23,26-28,30,42H,15-21H2,1-4H3,(H,37,43)(H,38,45)(H,39,46)(H,40,44)(H4,35,36,41)/t26-,27-,28-,30-/m0/s1","","yes"
"11321","WLL-vs","","Synthetic organic","","","","","434321756","118796903","","(2S)-2-[[(2S)-3-(1H-indol-3-yl)-2-[(2-morpholin-4-ylacetyl)amino]propanoyl]amino]-4-methyl-N-[(E,3S)-5-methyl-1-methylsulfonylhex-1-en-3-yl]pentanamide","","","CC(C[C@@H](C(=O)N[C@@H](CC(C)C)/C=C/S(=O)(=O)C)NC(=O)[C@H](Cc1c[nH]c2c1cccc2)NC(=O)CN1CCOCC1)C","DKBAFRHAWTVKAD-ODGLJRBPSA-N","InChI=1S/C31H47N5O6S/c1-21(2)16-24(10-15-43(5,40)41)33-30(38)27(17-22(3)4)35-31(39)28(34-29(37)20-36-11-13-42-14-12-36)18-23-19-32-26-9-7-6-8-25(23)26/h6-10,15,19,21-22,24,27-28,32H,11-14,16-18,20H2,1-5H3,(H,33,38)(H,34,37)(H,35,39)/b15-10+/t24-,27+,28+/m1/s1","","yes"
"11162","WM382","","Synthetic organic","","","","","434122222","154699453","","(4R)-4-(2-amino-4,4-diethyl-6-oxo-5H-pyrimidin-1-yl)-N-[(4S)-2,2-dimethyl-3,4-dihydrochromen-4-yl]-3,4-dihydro-2H-chromene-6-carboxamide","","","CCC1(CC)NC(=N)N(C(=O)C1)[C@@H]1CCOc2c1cc(cc2)C(=O)N[C@H]1CC(C)(C)Oc2c1cccc2","ZSZSSSHEMYULPX-FCHUYYIVSA-N","InChI=1S/C29H36N4O4/c1-5-29(6-2)17-25(34)33(27(30)32-29)22-13-14-36-23-12-11-18(15-20(22)23)26(35)31-21-16-28(3,4)37-24-10-8-7-9-19(21)24/h7-12,15,21-22H,5-6,13-14,16-17H2,1-4H3,(H2,30,32)(H,31,35)/t21-,22+/m0/s1","","yes"
